-- 1. WYPEŁNIANIE TABELI: KLIENCI
INSERT INTO KLIENCI (KLIENT_ID, IMIE, NAZWISKO, EMAIL, TELEFON, DATA_REJESTRACJI, MIASTO, ULICA, KOD_POCZTOWY) VALUES (1, 'Jan', 'Nowak', 'jan.nowak@mail.com', '501234567', TO_DATE('2025-12-04', 'YYYY-MM-DD'), 'Wrocław', 'Długa 15', '53-658');
INSERT INTO KLIENCI (KLIENT_ID, IMIE, NAZWISKO, EMAIL, TELEFON, DATA_REJESTRACJI, MIASTO, ULICA, KOD_POCZTOWY) VALUES (2, 'Piotr', 'Wiśniewski', 'piotr.wisniewski@mail.com', '602345678', TO_DATE('2025-12-04', 'YYYY-MM-DD'), 'Warszawa', 'Marszałkowska 80', '00-517');
INSERT INTO KLIENCI (KLIENT_ID, IMIE, NAZWISKO, EMAIL, TELEFON, DATA_REJESTRACJI, MIASTO, ULICA, KOD_POCZTOWY) VALUES (3, 'Anna', 'Kowalczyk', 'anna.kowalczyk@mail.com', '703456789', TO_DATE('2025-12-04', 'YYYY-MM-DD'), 'Kraków', 'Floriańska 12', '31-021');
INSERT INTO KLIENCI (KLIENT_ID, IMIE, NAZWISKO, EMAIL, TELEFON, DATA_REJESTRACJI, MIASTO, ULICA, KOD_POCZTOWY) VALUES (4, 'Krzysztof', 'Kamiński', 'k.kaminski@mail.com', '514567890', TO_DATE('2025-12-04', 'YYYY-MM-DD'), 'Gdańsk', 'Długa 45', '80-831');
INSERT INTO KLIENCI (KLIENT_ID, IMIE, NAZWISKO, EMAIL, TELEFON, DATA_REJESTRACJI, MIASTO, ULICA, KOD_POCZTOWY) VALUES (5, 'Maria', 'Lewandowska', 'maria.lewandowska@mail.com', '695678901', TO_DATE('2025-12-04', 'YYYY-MM-DD'), 'Poznań', 'Półwiejska 3', '61-888');
INSERT INTO KLIENCI (KLIENT_ID, IMIE, NAZWISKO, EMAIL, TELEFON, DATA_REJESTRACJI, MIASTO, ULICA, KOD_POCZTOWY) VALUES (6, 'Paweł', 'Zieliński', 'pawel.zielinski@mail.com', '786789012', TO_DATE('2025-12-04', 'YYYY-MM-DD'), 'Łódź', 'Piotrkowska 102', '90-004');
INSERT INTO KLIENCI (KLIENT_ID, IMIE, NAZWISKO, EMAIL, TELEFON, DATA_REJESTRACJI, MIASTO, ULICA, KOD_POCZTOWY) VALUES (7, 'Katarzyna', 'Szymańska', 'k.szymanska@mail.com', '507890123', TO_DATE('2025-12-04', 'YYYY-MM-DD'), 'Wrocław', 'Świdnicka 8', '50-067');
INSERT INTO KLIENCI (KLIENT_ID, IMIE, NAZWISKO, EMAIL, TELEFON, DATA_REJESTRACJI, MIASTO, ULICA, KOD_POCZTOWY) VALUES (8, 'Tomasz', 'Woźniak', 'tomasz.wozniak@mail.com', '608901234', TO_DATE('2025-12-04', 'YYYY-MM-DD'), 'Szczecin', 'Wojska Polskiego 20', '70-470');
INSERT INTO KLIENCI (KLIENT_ID, IMIE, NAZWISKO, EMAIL, TELEFON, DATA_REJESTRACJI, MIASTO, ULICA, KOD_POCZTOWY) VALUES (9, 'Agnieszka', 'Dąbrowska', 'a.dabrowska@mail.com', '729012345', TO_DATE('2025-12-04', 'YYYY-MM-DD'), 'Lublin', 'Krakowskie Przedmieście 5', '20-002');
INSERT INTO KLIENCI (KLIENT_ID, IMIE, NAZWISKO, EMAIL, TELEFON, DATA_REJESTRACJI, MIASTO, ULICA, KOD_POCZTOWY) VALUES (10, 'Michał', 'Kozłowski', 'michal.kozlowski@mail.com', '530123456', TO_DATE('2025-12-04', 'YYYY-MM-DD'), 'Katowice', 'Mariacka 1', '40-014');
INSERT INTO KLIENCI (KLIENT_ID, IMIE, NAZWISKO, EMAIL, TELEFON, DATA_REJESTRACJI, MIASTO, ULICA, KOD_POCZTOWY) VALUES (11, 'Robert', 'Krawczyk', 'robert.krawczyk.11@mail.com', '706204493', TO_DATE('2025-05-19', 'YYYY-MM-DD'), 'Katowice', 'Ulica 54', '48-568');
INSERT INTO KLIENCI (KLIENT_ID, IMIE, NAZWISKO, EMAIL, TELEFON, DATA_REJESTRACJI, MIASTO, ULICA, KOD_POCZTOWY) VALUES (12, 'Karolina', 'Lewandowski', 'karolina.lewandowski.12@mail.com', '672006594', TO_DATE('2025-10-28', 'YYYY-MM-DD'), 'Katowice', 'Ulica 28', '78-252');
INSERT INTO KLIENCI (KLIENT_ID, IMIE, NAZWISKO, EMAIL, TELEFON, DATA_REJESTRACJI, MIASTO, ULICA, KOD_POCZTOWY) VALUES (13, 'Karolina', 'Dąbrowski', 'karolina.dąbrowski.13@mail.com', '544990409', TO_DATE('2025-06-24', 'YYYY-MM-DD'), 'Radom', 'Ulica 53', '87-855');
INSERT INTO KLIENCI (KLIENT_ID, IMIE, NAZWISKO, EMAIL, TELEFON, DATA_REJESTRACJI, MIASTO, ULICA, KOD_POCZTOWY) VALUES (14, 'Adam', 'Woźniak', 'adam.woźniak.14@mail.com', '847801509', TO_DATE('2025-06-12', 'YYYY-MM-DD'), 'Wrocław', 'Ulica 39', '11-313');
INSERT INTO KLIENCI (KLIENT_ID, IMIE, NAZWISKO, EMAIL, TELEFON, DATA_REJESTRACJI, MIASTO, ULICA, KOD_POCZTOWY) VALUES (15, 'Karolina', 'Grabowski', 'karolina.grabowski.15@mail.com', '545157432', TO_DATE('2025-04-13', 'YYYY-MM-DD'), 'Łódź', 'Ulica 65', '59-613');
INSERT INTO KLIENCI (KLIENT_ID, IMIE, NAZWISKO, EMAIL, TELEFON, DATA_REJESTRACJI, MIASTO, ULICA, KOD_POCZTOWY) VALUES (16, 'Michał', 'Mazur', 'michał.mazur.16@mail.com', '824184828', TO_DATE('2025-11-16', 'YYYY-MM-DD'), 'Poznań', 'Ulica 25', '88-858');
INSERT INTO KLIENCI (KLIENT_ID, IMIE, NAZWISKO, EMAIL, TELEFON, DATA_REJESTRACJI, MIASTO, ULICA, KOD_POCZTOWY) VALUES (17, 'Marta', 'Wojciechowski', 'marta.wojciechowski.17@mail.com', '634680796', TO_DATE('2025-10-23', 'YYYY-MM-DD'), 'Katowice', 'Ulica 98', '75-121');
INSERT INTO KLIENCI (KLIENT_ID, IMIE, NAZWISKO, EMAIL, TELEFON, DATA_REJESTRACJI, MIASTO, ULICA, KOD_POCZTOWY) VALUES (18, 'Julia', 'Nowak', 'julia.nowak.18@mail.com', '852819147', TO_DATE('2025-10-27', 'YYYY-MM-DD'), 'Białystok', 'Ulica 67', '51-528');
INSERT INTO KLIENCI (KLIENT_ID, IMIE, NAZWISKO, EMAIL, TELEFON, DATA_REJESTRACJI, MIASTO, ULICA, KOD_POCZTOWY) VALUES (19, 'Ewa', 'Kozłowski', 'ewa.kozłowski.19@mail.com', '796565433', TO_DATE('2025-08-08', 'YYYY-MM-DD'), 'Łódź', 'Ulica 20', '29-429');
INSERT INTO KLIENCI (KLIENT_ID, IMIE, NAZWISKO, EMAIL, TELEFON, DATA_REJESTRACJI, MIASTO, ULICA, KOD_POCZTOWY) VALUES (20, 'Adam', 'Jankowski', 'adam.jankowski.20@mail.com', '658672543', TO_DATE('2025-07-24', 'YYYY-MM-DD'), 'Białystok', 'Ulica 59', '10-471');
INSERT INTO KLIENCI (KLIENT_ID, IMIE, NAZWISKO, EMAIL, TELEFON, DATA_REJESTRACJI, MIASTO, ULICA, KOD_POCZTOWY) VALUES (21, 'Katarzyna', 'Kaczmarek', 'katarzyna.kaczmarek.21@mail.com', '891117223', TO_DATE('2025-03-27', 'YYYY-MM-DD'), 'Warszawa', 'Ulica 24', '44-837');
INSERT INTO KLIENCI (KLIENT_ID, IMIE, NAZWISKO, EMAIL, TELEFON, DATA_REJESTRACJI, MIASTO, ULICA, KOD_POCZTOWY) VALUES (22, 'Monika', 'Grabowski', 'monika.grabowski.22@mail.com', '635419422', TO_DATE('2025-07-18', 'YYYY-MM-DD'), 'Lublin', 'Ulica 37', '34-212');
INSERT INTO KLIENCI (KLIENT_ID, IMIE, NAZWISKO, EMAIL, TELEFON, DATA_REJESTRACJI, MIASTO, ULICA, KOD_POCZTOWY) VALUES (23, 'Piotr', 'Woźniak', 'piotr.woźniak.23@mail.com', '612834903', TO_DATE('2025-05-15', 'YYYY-MM-DD'), 'Sosnowiec', 'Ulica 17', '26-906');
INSERT INTO KLIENCI (KLIENT_ID, IMIE, NAZWISKO, EMAIL, TELEFON, DATA_REJESTRACJI, MIASTO, ULICA, KOD_POCZTOWY) VALUES (24, 'Katarzyna', 'Nowak', 'katarzyna.nowak.24@mail.com', '599897215', TO_DATE('2025-08-30', 'YYYY-MM-DD'), 'Sosnowiec', 'Ulica 83', '69-607');
INSERT INTO KLIENCI (KLIENT_ID, IMIE, NAZWISKO, EMAIL, TELEFON, DATA_REJESTRACJI, MIASTO, ULICA, KOD_POCZTOWY) VALUES (25, 'Marta', 'Piotrowski', 'marta.piotrowski.25@mail.com', '539722972', TO_DATE('2025-03-30', 'YYYY-MM-DD'), 'Gdańsk', 'Ulica 34', '86-136');
INSERT INTO KLIENCI (KLIENT_ID, IMIE, NAZWISKO, EMAIL, TELEFON, DATA_REJESTRACJI, MIASTO, ULICA, KOD_POCZTOWY) VALUES (26, 'Paweł', 'Woźniak', 'paweł.woźniak.26@mail.com', '691153029', TO_DATE('2025-09-12', 'YYYY-MM-DD'), 'Gdańsk', 'Ulica 45', '90-332');
INSERT INTO KLIENCI (KLIENT_ID, IMIE, NAZWISKO, EMAIL, TELEFON, DATA_REJESTRACJI, MIASTO, ULICA, KOD_POCZTOWY) VALUES (27, 'Krzysztof', 'Kaczmarek', 'krzysztof.kaczmarek.27@mail.com', '563189950', TO_DATE('2025-09-01', 'YYYY-MM-DD'), 'Toruń', 'Ulica 42', '66-146');
INSERT INTO KLIENCI (KLIENT_ID, IMIE, NAZWISKO, EMAIL, TELEFON, DATA_REJESTRACJI, MIASTO, ULICA, KOD_POCZTOWY) VALUES (28, 'Michał', 'Zieliński', 'michał.zieliński.28@mail.com', '868506079', TO_DATE('2025-12-29', 'YYYY-MM-DD'), 'Kraków', 'Ulica 49', '91-319');
INSERT INTO KLIENCI (KLIENT_ID, IMIE, NAZWISKO, EMAIL, TELEFON, DATA_REJESTRACJI, MIASTO, ULICA, KOD_POCZTOWY) VALUES (29, 'Magdalena', 'Dąbrowski', 'magdalena.dąbrowski.29@mail.com', '697457362', TO_DATE('2025-01-18', 'YYYY-MM-DD'), 'Poznań', 'Ulica 84', '16-285');
INSERT INTO KLIENCI (KLIENT_ID, IMIE, NAZWISKO, EMAIL, TELEFON, DATA_REJESTRACJI, MIASTO, ULICA, KOD_POCZTOWY) VALUES (30, 'Michał', 'Dąbrowski', 'michał.dąbrowski.30@mail.com', '852416882', TO_DATE('2025-01-11', 'YYYY-MM-DD'), 'Wrocław', 'Ulica 12', '46-836');
INSERT INTO KLIENCI (KLIENT_ID, IMIE, NAZWISKO, EMAIL, TELEFON, DATA_REJESTRACJI, MIASTO, ULICA, KOD_POCZTOWY) VALUES (31, 'Alicja', 'Kaczmarek', 'alicja.kaczmarek.31@mail.com', '753589070', TO_DATE('2025-11-21', 'YYYY-MM-DD'), 'Wrocław', 'Ulica 14', '14-242');
INSERT INTO KLIENCI (KLIENT_ID, IMIE, NAZWISKO, EMAIL, TELEFON, DATA_REJESTRACJI, MIASTO, ULICA, KOD_POCZTOWY) VALUES (32, 'Ewa', 'Kamiński', 'ewa.kamiński.32@mail.com', '809149939', TO_DATE('2025-06-17', 'YYYY-MM-DD'), 'Poznań', 'Ulica 48', '86-640');
INSERT INTO KLIENCI (KLIENT_ID, IMIE, NAZWISKO, EMAIL, TELEFON, DATA_REJESTRACJI, MIASTO, ULICA, KOD_POCZTOWY) VALUES (33, 'Katarzyna', 'Kowalczyk', 'katarzyna.kowalczyk.33@mail.com', '881956027', TO_DATE('2025-03-21', 'YYYY-MM-DD'), 'Łódź', 'Ulica 25', '76-667');
INSERT INTO KLIENCI (KLIENT_ID, IMIE, NAZWISKO, EMAIL, TELEFON, DATA_REJESTRACJI, MIASTO, ULICA, KOD_POCZTOWY) VALUES (34, 'Karolina', 'Wiśniewski', 'karolina.wiśniewski.34@mail.com', '762733847', TO_DATE('2025-01-30', 'YYYY-MM-DD'), 'Lublin', 'Ulica 51', '67-773');
INSERT INTO KLIENCI (KLIENT_ID, IMIE, NAZWISKO, EMAIL, TELEFON, DATA_REJESTRACJI, MIASTO, ULICA, KOD_POCZTOWY) VALUES (35, 'Adam', 'Zieliński', 'adam.zieliński.35@mail.com', '729427477', TO_DATE('2025-03-08', 'YYYY-MM-DD'), 'Łódź', 'Ulica 47', '15-336');
INSERT INTO KLIENCI (KLIENT_ID, IMIE, NAZWISKO, EMAIL, TELEFON, DATA_REJESTRACJI, MIASTO, ULICA, KOD_POCZTOWY) VALUES (36, 'Monika', 'Nowak', 'monika.nowak.36@mail.com', '719541109', TO_DATE('2025-07-01', 'YYYY-MM-DD'), 'Gdynia', 'Ulica 18', '56-217');
INSERT INTO KLIENCI (KLIENT_ID, IMIE, NAZWISKO, EMAIL, TELEFON, DATA_REJESTRACJI, MIASTO, ULICA, KOD_POCZTOWY) VALUES (37, 'Adam', 'Wiśniewski', 'adam.wiśniewski.37@mail.com', '658805193', TO_DATE('2025-07-01', 'YYYY-MM-DD'), 'Warszawa', 'Ulica 74', '71-968');
INSERT INTO KLIENCI (KLIENT_ID, IMIE, NAZWISKO, EMAIL, TELEFON, DATA_REJESTRACJI, MIASTO, ULICA, KOD_POCZTOWY) VALUES (38, 'Michał', 'Szymański', 'michał.szymański.38@mail.com', '819873981', TO_DATE('2025-11-22', 'YYYY-MM-DD'), 'Białystok', 'Ulica 16', '82-809');
INSERT INTO KLIENCI (KLIENT_ID, IMIE, NAZWISKO, EMAIL, TELEFON, DATA_REJESTRACJI, MIASTO, ULICA, KOD_POCZTOWY) VALUES (39, 'Adam', 'Jankowski', 'adam.jankowski.39@mail.com', '773436291', TO_DATE('2025-12-06', 'YYYY-MM-DD'), 'Częstochowa', 'Ulica 67', '38-684');
INSERT INTO KLIENCI (KLIENT_ID, IMIE, NAZWISKO, EMAIL, TELEFON, DATA_REJESTRACJI, MIASTO, ULICA, KOD_POCZTOWY) VALUES (40, 'Andrzej', 'Lewandowski', 'andrzej.lewandowski.40@mail.com', '514554679', TO_DATE('2025-12-29', 'YYYY-MM-DD'), 'Białystok', 'Ulica 48', '87-963');
INSERT INTO KLIENCI (KLIENT_ID, IMIE, NAZWISKO, EMAIL, TELEFON, DATA_REJESTRACJI, MIASTO, ULICA, KOD_POCZTOWY) VALUES (41, 'Ewa', 'Krawczyk', 'ewa.krawczyk.41@mail.com', '601926175', TO_DATE('2025-06-26', 'YYYY-MM-DD'), 'Toruń', 'Ulica 23', '71-935');
INSERT INTO KLIENCI (KLIENT_ID, IMIE, NAZWISKO, EMAIL, TELEFON, DATA_REJESTRACJI, MIASTO, ULICA, KOD_POCZTOWY) VALUES (42, 'Alicja', 'Lewandowski', 'alicja.lewandowski.42@mail.com', '743959191', TO_DATE('2025-09-06', 'YYYY-MM-DD'), 'Częstochowa', 'Ulica 75', '14-268');
INSERT INTO KLIENCI (KLIENT_ID, IMIE, NAZWISKO, EMAIL, TELEFON, DATA_REJESTRACJI, MIASTO, ULICA, KOD_POCZTOWY) VALUES (43, 'Paweł', 'Zieliński', 'paweł.zieliński.43@mail.com', '796796673', TO_DATE('2025-10-12', 'YYYY-MM-DD'), 'Gdynia', 'Ulica 95', '22-959');
INSERT INTO KLIENCI (KLIENT_ID, IMIE, NAZWISKO, EMAIL, TELEFON, DATA_REJESTRACJI, MIASTO, ULICA, KOD_POCZTOWY) VALUES (44, 'Magdalena', 'Wójcik', 'magdalena.wójcik.44@mail.com', '569682306', TO_DATE('2025-11-04', 'YYYY-MM-DD'), 'Lublin', 'Ulica 39', '15-248');
INSERT INTO KLIENCI (KLIENT_ID, IMIE, NAZWISKO, EMAIL, TELEFON, DATA_REJESTRACJI, MIASTO, ULICA, KOD_POCZTOWY) VALUES (45, 'Katarzyna', 'Dąbrowski', 'katarzyna.dąbrowski.45@mail.com', '725780565', TO_DATE('2025-04-30', 'YYYY-MM-DD'), 'Lublin', 'Ulica 100', '99-646');
INSERT INTO KLIENCI (KLIENT_ID, IMIE, NAZWISKO, EMAIL, TELEFON, DATA_REJESTRACJI, MIASTO, ULICA, KOD_POCZTOWY) VALUES (46, 'Ewa', 'Kowalski', 'ewa.kowalski.46@mail.com', '848989902', TO_DATE('2025-03-18', 'YYYY-MM-DD'), 'Toruń', 'Ulica 9', '50-576');
INSERT INTO KLIENCI (KLIENT_ID, IMIE, NAZWISKO, EMAIL, TELEFON, DATA_REJESTRACJI, MIASTO, ULICA, KOD_POCZTOWY) VALUES (47, 'Paweł', 'Zieliński', 'paweł.zieliński.47@mail.com', '590697724', TO_DATE('2025-09-28', 'YYYY-MM-DD'), 'Częstochowa', 'Ulica 59', '87-135');
INSERT INTO KLIENCI (KLIENT_ID, IMIE, NAZWISKO, EMAIL, TELEFON, DATA_REJESTRACJI, MIASTO, ULICA, KOD_POCZTOWY) VALUES (48, 'Ewa', 'Kowalczyk', 'ewa.kowalczyk.48@mail.com', '840575123', TO_DATE('2025-01-24', 'YYYY-MM-DD'), 'Katowice', 'Ulica 80', '31-869');
INSERT INTO KLIENCI (KLIENT_ID, IMIE, NAZWISKO, EMAIL, TELEFON, DATA_REJESTRACJI, MIASTO, ULICA, KOD_POCZTOWY) VALUES (49, 'Magdalena', 'Dąbrowski', 'magdalena.dąbrowski.49@mail.com', '695413575', TO_DATE('2025-08-04', 'YYYY-MM-DD'), 'Lublin', 'Ulica 83', '77-338');
INSERT INTO KLIENCI (KLIENT_ID, IMIE, NAZWISKO, EMAIL, TELEFON, DATA_REJESTRACJI, MIASTO, ULICA, KOD_POCZTOWY) VALUES (50, 'Tomasz', 'Lewandowski', 'tomasz.lewandowski.50@mail.com', '826594997', TO_DATE('2025-01-28', 'YYYY-MM-DD'), 'Katowice', 'Ulica 19', '50-854');
INSERT INTO KLIENCI (KLIENT_ID, IMIE, NAZWISKO, EMAIL, TELEFON, DATA_REJESTRACJI, MIASTO, ULICA, KOD_POCZTOWY) VALUES (51, 'Michał', 'Mazur', 'michał.mazur.51@mail.com', '505936144', TO_DATE('2025-05-26', 'YYYY-MM-DD'), 'Szczecin', 'Ulica 86', '83-858');
INSERT INTO KLIENCI (KLIENT_ID, IMIE, NAZWISKO, EMAIL, TELEFON, DATA_REJESTRACJI, MIASTO, ULICA, KOD_POCZTOWY) VALUES (52, 'Katarzyna', 'Jankowski', 'katarzyna.jankowski.52@mail.com', '527422596', TO_DATE('2025-03-04', 'YYYY-MM-DD'), 'Poznań', 'Ulica 87', '16-582');
INSERT INTO KLIENCI (KLIENT_ID, IMIE, NAZWISKO, EMAIL, TELEFON, DATA_REJESTRACJI, MIASTO, ULICA, KOD_POCZTOWY) VALUES (53, 'Alicja', 'Kaczmarek', 'alicja.kaczmarek.53@mail.com', '601516632', TO_DATE('2025-04-18', 'YYYY-MM-DD'), 'Gdańsk', 'Ulica 73', '75-593');
INSERT INTO KLIENCI (KLIENT_ID, IMIE, NAZWISKO, EMAIL, TELEFON, DATA_REJESTRACJI, MIASTO, ULICA, KOD_POCZTOWY) VALUES (54, 'Piotr', 'Krawczyk', 'piotr.krawczyk.54@mail.com', '685278357', TO_DATE('2025-10-08', 'YYYY-MM-DD'), 'Radom', 'Ulica 31', '71-757');
INSERT INTO KLIENCI (KLIENT_ID, IMIE, NAZWISKO, EMAIL, TELEFON, DATA_REJESTRACJI, MIASTO, ULICA, KOD_POCZTOWY) VALUES (55, 'Alicja', 'Kowalski', 'alicja.kowalski.55@mail.com', '833077343', TO_DATE('2025-01-09', 'YYYY-MM-DD'), 'Wrocław', 'Ulica 16', '86-687');
INSERT INTO KLIENCI (KLIENT_ID, IMIE, NAZWISKO, EMAIL, TELEFON, DATA_REJESTRACJI, MIASTO, ULICA, KOD_POCZTOWY) VALUES (56, 'Ewa', 'Woźniak', 'ewa.woźniak.56@mail.com', '536494980', TO_DATE('2025-02-19', 'YYYY-MM-DD'), 'Toruń', 'Ulica 79', '92-326');
INSERT INTO KLIENCI (KLIENT_ID, IMIE, NAZWISKO, EMAIL, TELEFON, DATA_REJESTRACJI, MIASTO, ULICA, KOD_POCZTOWY) VALUES (57, 'Magdalena', 'Kowalski', 'magdalena.kowalski.57@mail.com', '757966989', TO_DATE('2025-11-29', 'YYYY-MM-DD'), 'Łódź', 'Ulica 63', '10-482');
INSERT INTO KLIENCI (KLIENT_ID, IMIE, NAZWISKO, EMAIL, TELEFON, DATA_REJESTRACJI, MIASTO, ULICA, KOD_POCZTOWY) VALUES (58, 'Beata', 'Jankowski', 'beata.jankowski.58@mail.com', '833249417', TO_DATE('2025-07-30', 'YYYY-MM-DD'), 'Lublin', 'Ulica 32', '74-829');
INSERT INTO KLIENCI (KLIENT_ID, IMIE, NAZWISKO, EMAIL, TELEFON, DATA_REJESTRACJI, MIASTO, ULICA, KOD_POCZTOWY) VALUES (59, 'Piotr', 'Grabowski', 'piotr.grabowski.59@mail.com', '536745946', TO_DATE('2025-11-09', 'YYYY-MM-DD'), 'Gdynia', 'Ulica 39', '50-769');
INSERT INTO KLIENCI (KLIENT_ID, IMIE, NAZWISKO, EMAIL, TELEFON, DATA_REJESTRACJI, MIASTO, ULICA, KOD_POCZTOWY) VALUES (60, 'Krzysztof', 'Piotrowski', 'krzysztof.piotrowski.60@mail.com', '572856790', TO_DATE('2025-04-24', 'YYYY-MM-DD'), 'Sosnowiec', 'Ulica 47', '57-481');

-- 2. WYPEŁNIANIE TABELI: PRACOWNICY
INSERT INTO PRACOWNICY (PRACOWNIK_ID, IMIE, NAZWISKO, EMAIL, STANOWISKO, DATA_ZATRUDNIENIA, AKTYWNY) VALUES (1, 'Adam', 'Kowal', 'adam.kowal@mail.com', 'Admin', TO_DATE('2025-12-04', 'YYYY-MM-DD'), 'Y');
INSERT INTO PRACOWNICY (PRACOWNIK_ID, IMIE, NAZWISKO, EMAIL, STANOWISKO, DATA_ZATRUDNIENIA, AKTYWNY) VALUES (2, 'Marek', 'Zieliński', 'marek.zielinski@firma.com', 'Admin', TO_DATE('2025-12-04', 'YYYY-MM-DD'), 'Y');
INSERT INTO PRACOWNICY (PRACOWNIK_ID, IMIE, NAZWISKO, EMAIL, STANOWISKO, DATA_ZATRUDNIENIA, AKTYWNY) VALUES (3, 'Joanna', 'Rataj', 'joanna.rataj@firma.com', 'Manager', TO_DATE('2025-12-04', 'YYYY-MM-DD'), 'Y');
INSERT INTO PRACOWNICY (PRACOWNIK_ID, IMIE, NAZWISKO, EMAIL, STANOWISKO, DATA_ZATRUDNIENIA, AKTYWNY) VALUES (4, 'Paweł', 'Krawczyk', 'pawel.krawczyk@firma.com', 'Pracownik', TO_DATE('2025-12-04', 'YYYY-MM-DD'), 'Y');
INSERT INTO PRACOWNICY (PRACOWNIK_ID, IMIE, NAZWISKO, EMAIL, STANOWISKO, DATA_ZATRUDNIENIA, AKTYWNY) VALUES (5, 'Anna', 'Lis', 'anna.lis@firma.com', 'Doradca', TO_DATE('2025-12-04', 'YYYY-MM-DD'), 'Y');
INSERT INTO PRACOWNICY (PRACOWNIK_ID, IMIE, NAZWISKO, EMAIL, STANOWISKO, DATA_ZATRUDNIENIA, AKTYWNY) VALUES (6, 'Tomasz', 'Słowik', 'tomasz.slowik@firma.com', 'Pracownik', TO_DATE('2025-12-04', 'YYYY-MM-DD'), 'Y');
INSERT INTO PRACOWNICY (PRACOWNIK_ID, IMIE, NAZWISKO, EMAIL, STANOWISKO, DATA_ZATRUDNIENIA, AKTYWNY) VALUES (7, 'Karolina', 'Górska', 'karolina.gorska@firma.com', 'Manager', TO_DATE('2025-12-04', 'YYYY-MM-DD'), 'Y');
INSERT INTO PRACOWNICY (PRACOWNIK_ID, IMIE, NAZWISKO, EMAIL, STANOWISKO, DATA_ZATRUDNIENIA, AKTYWNY) VALUES (8, 'Rafał', 'Majewski', 'rafal.majewski@firma.com', 'Doradca', TO_DATE('2025-12-04', 'YYYY-MM-DD'), 'Y');
INSERT INTO PRACOWNICY (PRACOWNIK_ID, IMIE, NAZWISKO, EMAIL, STANOWISKO, DATA_ZATRUDNIENIA, AKTYWNY) VALUES (9, 'Ewelina', 'Sobczak', 'ewelina.sobczak@firma.com', 'Pracownik', TO_DATE('2025-12-04', 'YYYY-MM-DD'), 'Y');
INSERT INTO PRACOWNICY (PRACOWNIK_ID, IMIE, NAZWISKO, EMAIL, STANOWISKO, DATA_ZATRUDNIENIA, AKTYWNY) VALUES (10, 'Zofia', 'Kaczmarek', 'zofia.kaczmarek@firma-farb.pl', 'Technolog', TO_DATE('2025-01-16', 'YYYY-MM-DD'), 'Y');
INSERT INTO PRACOWNICY (PRACOWNIK_ID, IMIE, NAZWISKO, EMAIL, STANOWISKO, DATA_ZATRUDNIENIA, AKTYWNY) VALUES (11, 'Zofia', 'Kaczmarek', 'zofia.kaczmarek@firma-farb.pl', 'Technolog', TO_DATE('2025-04-20', 'YYYY-MM-DD'), 'Y');
INSERT INTO PRACOWNICY (PRACOWNIK_ID, IMIE, NAZWISKO, EMAIL, STANOWISKO, DATA_ZATRUDNIENIA, AKTYWNY) VALUES (12, 'Adam', 'Woźniak', 'adam.woźniak@firma-farb.pl', 'Doradca', TO_DATE('2024-12-24', 'YYYY-MM-DD'), 'Y');
INSERT INTO PRACOWNICY (PRACOWNIK_ID, IMIE, NAZWISKO, EMAIL, STANOWISKO, DATA_ZATRUDNIENIA, AKTYWNY) VALUES (13, 'Karolina', 'Szymański', 'karolina.szymański@firma-farb.pl', 'Doradca', TO_DATE('2024-11-19', 'YYYY-MM-DD'), 'Y');
INSERT INTO PRACOWNICY (PRACOWNIK_ID, IMIE, NAZWISKO, EMAIL, STANOWISKO, DATA_ZATRUDNIENIA, AKTYWNY) VALUES (14, 'Tomasz', 'Kowalski', 'tomasz.kowalski@firma-farb.pl', 'Technolog', TO_DATE('2024-09-29', 'YYYY-MM-DD'), 'Y');
INSERT INTO PRACOWNICY (PRACOWNIK_ID, IMIE, NAZWISKO, EMAIL, STANOWISKO, DATA_ZATRUDNIENIA, AKTYWNY) VALUES (15, 'Katarzyna', 'Kaczmarek', 'katarzyna.kaczmarek@firma-farb.pl', 'Magazynier', TO_DATE('2024-09-30', 'YYYY-MM-DD'), 'Y');
INSERT INTO PRACOWNICY (PRACOWNIK_ID, IMIE, NAZWISKO, EMAIL, STANOWISKO, DATA_ZATRUDNIENIA, AKTYWNY) VALUES (16, 'Adam', 'Jankowski', 'adam.jankowski@firma-farb.pl', 'Technolog', TO_DATE('2025-03-01', 'YYYY-MM-DD'), 'Y');
INSERT INTO PRACOWNICY (PRACOWNIK_ID, IMIE, NAZWISKO, EMAIL, STANOWISKO, DATA_ZATRUDNIENIA, AKTYWNY) VALUES (17, 'Marek', 'Woźniak', 'marek.woźniak@firma-farb.pl', 'Doradca', TO_DATE('2024-09-28', 'YYYY-MM-DD'), 'Y');
INSERT INTO PRACOWNICY (PRACOWNIK_ID, IMIE, NAZWISKO, EMAIL, STANOWISKO, DATA_ZATRUDNIENIA, AKTYWNY) VALUES (18, 'Adam', 'Grabowski', 'adam.grabowski@firma-farb.pl', 'Doradca', TO_DATE('2024-04-25', 'YYYY-MM-DD'), 'Y');
INSERT INTO PRACOWNICY (PRACOWNIK_ID, IMIE, NAZWISKO, EMAIL, STANOWISKO, DATA_ZATRUDNIENIA, AKTYWNY) VALUES (19, 'Tomasz', 'Kaczmarek', 'tomasz.kaczmarek@firma-farb.pl', 'Magazynier', TO_DATE('2025-04-02', 'YYYY-MM-DD'), 'Y');
INSERT INTO PRACOWNICY (PRACOWNIK_ID, IMIE, NAZWISKO, EMAIL, STANOWISKO, DATA_ZATRUDNIENIA, AKTYWNY) VALUES (20, 'Julia', 'Lewandowski', 'julia.lewandowski@firma-farb.pl', 'Manager', TO_DATE('2024-08-21', 'YYYY-MM-DD'), 'Y');

-- 3. WYPEŁNIANIE TABELI: BAZY_FARB
INSERT INTO BAZY_FARB (BAZA_ID, NAZWA, POJEMNOSC_LITRY, KOSZT_ZA_LITR, TYP_FARB, DATA_DOSTAWY) 
VALUES (1, 'Baza Akryl 1', 10, 12.5, 'Akrylowa', TO_DATE('2025-12-04', 'YYYY-MM-DD'));
INSERT INTO BAZY_FARB (BAZA_ID, NAZWA, POJEMNOSC_LITRY, KOSZT_ZA_LITR, TYP_FARB, DATA_DOSTAWY) 
VALUES (2, 'Baza Lateks 1', 15, 10.0, 'Lateksowa', TO_DATE('2025-12-04', 'YYYY-MM-DD'));
INSERT INTO BAZY_FARB (BAZA_ID, NAZWA, POJEMNOSC_LITRY, KOSZT_ZA_LITR, TYP_FARB, DATA_DOSTAWY) 
VALUES (3, 'Baza Olejna 1', 8, 18.0, 'Olejna', TO_DATE('2025-12-04', 'YYYY-MM-DD'));

-- 4. WYPEŁNIANIE TABELI: PIGMENTY
INSERT INTO PIGMENTY (PIGMENT_ID, NAZWA, KOD_KOLORU, KOLOR_HEX, DATA_DODANIA) VALUES (1, 'Pigment 1', 'PIG001', '#FF11AA', TO_DATE('2025-12-04', 'YYYY-MM-DD'));
INSERT INTO PIGMENTY (PIGMENT_ID, NAZWA, KOD_KOLORU, KOLOR_HEX, DATA_DODANIA) VALUES (2, 'Pigment 2', 'PIG002', '#FF22AA', TO_DATE('2025-12-04', 'YYYY-MM-DD'));
INSERT INTO PIGMENTY (PIGMENT_ID, NAZWA, KOD_KOLORU, KOLOR_HEX, DATA_DODANIA) VALUES (3, 'Pigment 3', 'PIG003', '#FF33AA', TO_DATE('2025-12-04', 'YYYY-MM-DD'));
INSERT INTO PIGMENTY (PIGMENT_ID, NAZWA, KOD_KOLORU, KOLOR_HEX, DATA_DODANIA) VALUES (4, 'Pigment 4', 'PIG004', '#FF44AA', TO_DATE('2025-12-04', 'YYYY-MM-DD'));
INSERT INTO PIGMENTY (PIGMENT_ID, NAZWA, KOD_KOLORU, KOLOR_HEX, DATA_DODANIA) VALUES (5, 'Pigment 5', 'PIG005', '#FF55AA', TO_DATE('2025-12-04', 'YYYY-MM-DD'));
INSERT INTO PIGMENTY (PIGMENT_ID, NAZWA, KOD_KOLORU, KOLOR_HEX, DATA_DODANIA) VALUES (6, 'Pigment 6', 'PIG006', '#FF66AA', TO_DATE('2025-12-04', 'YYYY-MM-DD'));
INSERT INTO PIGMENTY (PIGMENT_ID, NAZWA, KOD_KOLORU, KOLOR_HEX, DATA_DODANIA) VALUES (7, 'Pigment 7', 'PIG007', '#FF77AA', TO_DATE('2025-12-04', 'YYYY-MM-DD'));
INSERT INTO PIGMENTY (PIGMENT_ID, NAZWA, KOD_KOLORU, KOLOR_HEX, DATA_DODANIA) VALUES (8, 'Pigment 8', 'PIG008', '#FF88AA', TO_DATE('2025-12-04', 'YYYY-MM-DD'));
INSERT INTO PIGMENTY (PIGMENT_ID, NAZWA, KOD_KOLORU, KOLOR_HEX, DATA_DODANIA) VALUES (9, 'Pigment 9', 'PIG009', '#FF99AA', TO_DATE('2025-12-04', 'YYYY-MM-DD'));
INSERT INTO PIGMENTY (PIGMENT_ID, NAZWA, KOD_KOLORU, KOLOR_HEX, DATA_DODANIA) VALUES (10, 'Pigment 10', 'PIG010', '#FFAAAA', TO_DATE('2025-12-04', 'YYYY-MM-DD'));
INSERT INTO PIGMENTY (PIGMENT_ID, NAZWA, KOD_KOLORU, KOLOR_HEX, DATA_DODANIA) VALUES (11, 'Pigment 11', 'PIG011', '#FFBBAA', TO_DATE('2025-12-04', 'YYYY-MM-DD'));
INSERT INTO PIGMENTY (PIGMENT_ID, NAZWA, KOD_KOLORU, KOLOR_HEX, DATA_DODANIA) VALUES (12, 'Pigment 12', 'PIG012', '#FFCCAA', TO_DATE('2025-12-04', 'YYYY-MM-DD'));
INSERT INTO PIGMENTY (PIGMENT_ID, NAZWA, KOD_KOLORU, KOLOR_HEX, DATA_DODANIA) VALUES (13, 'Pigment 13', 'PIG013', '#FFDDAA', TO_DATE('2025-12-04', 'YYYY-MM-DD'));
INSERT INTO PIGMENTY (PIGMENT_ID, NAZWA, KOD_KOLORU, KOLOR_HEX, DATA_DODANIA) VALUES (14, 'Pigment 14', 'PIG014', '#FFEEAA', TO_DATE('2025-12-04', 'YYYY-MM-DD'));
INSERT INTO PIGMENTY (PIGMENT_ID, NAZWA, KOD_KOLORU, KOLOR_HEX, DATA_DODANIA) VALUES (15, 'Pigment 15', 'PIG015', '#FFFFAA', TO_DATE('2025-12-04', 'YYYY-MM-DD'));
INSERT INTO PIGMENTY (PIGMENT_ID, NAZWA, KOD_KOLORU, KOLOR_HEX, DATA_DODANIA) VALUES (16, 'Pigment 16', 'PIG016', '#9AF54F', TO_DATE('2025-10-01', 'YYYY-MM-DD'));
INSERT INTO PIGMENTY (PIGMENT_ID, NAZWA, KOD_KOLORU, KOLOR_HEX, DATA_DODANIA) VALUES (17, 'Pigment 17', 'PIG017', '#E18ABD', TO_DATE('2025-10-01', 'YYYY-MM-DD'));
INSERT INTO PIGMENTY (PIGMENT_ID, NAZWA, KOD_KOLORU, KOLOR_HEX, DATA_DODANIA) VALUES (18, 'Pigment 18', 'PIG018', '#900641', TO_DATE('2025-10-01', 'YYYY-MM-DD'));
INSERT INTO PIGMENTY (PIGMENT_ID, NAZWA, KOD_KOLORU, KOLOR_HEX, DATA_DODANIA) VALUES (19, 'Pigment 19', 'PIG019', '#3B1FF8', TO_DATE('2025-10-01', 'YYYY-MM-DD'));
INSERT INTO PIGMENTY (PIGMENT_ID, NAZWA, KOD_KOLORU, KOLOR_HEX, DATA_DODANIA) VALUES (20, 'Pigment 20', 'PIG020', '#DBD479', TO_DATE('2025-10-01', 'YYYY-MM-DD'));
INSERT INTO PIGMENTY (PIGMENT_ID, NAZWA, KOD_KOLORU, KOLOR_HEX, DATA_DODANIA) VALUES (21, 'Pigment 21', 'PIG021', '#5B2D27', TO_DATE('2025-10-01', 'YYYY-MM-DD'));
INSERT INTO PIGMENTY (PIGMENT_ID, NAZWA, KOD_KOLORU, KOLOR_HEX, DATA_DODANIA) VALUES (22, 'Pigment 22', 'PIG022', '#53D2AC', TO_DATE('2025-10-01', 'YYYY-MM-DD'));
INSERT INTO PIGMENTY (PIGMENT_ID, NAZWA, KOD_KOLORU, KOLOR_HEX, DATA_DODANIA) VALUES (23, 'Pigment 23', 'PIG023', '#6A6BC8', TO_DATE('2025-10-01', 'YYYY-MM-DD'));
INSERT INTO PIGMENTY (PIGMENT_ID, NAZWA, KOD_KOLORU, KOLOR_HEX, DATA_DODANIA) VALUES (24, 'Pigment 24', 'PIG024', '#C7FF49', TO_DATE('2025-10-01', 'YYYY-MM-DD'));
INSERT INTO PIGMENTY (PIGMENT_ID, NAZWA, KOD_KOLORU, KOLOR_HEX, DATA_DODANIA) VALUES (25, 'Pigment 25', 'PIG025', '#5FAC6D', TO_DATE('2025-10-01', 'YYYY-MM-DD'));
INSERT INTO PIGMENTY (PIGMENT_ID, NAZWA, KOD_KOLORU, KOLOR_HEX, DATA_DODANIA) VALUES (26, 'Pigment 26', 'PIG026', '#361A47', TO_DATE('2025-10-01', 'YYYY-MM-DD'));
INSERT INTO PIGMENTY (PIGMENT_ID, NAZWA, KOD_KOLORU, KOLOR_HEX, DATA_DODANIA) VALUES (27, 'Pigment 27', 'PIG027', '#131FE2', TO_DATE('2025-10-01', 'YYYY-MM-DD'));
INSERT INTO PIGMENTY (PIGMENT_ID, NAZWA, KOD_KOLORU, KOLOR_HEX, DATA_DODANIA) VALUES (28, 'Pigment 28', 'PIG028', '#CDC49A', TO_DATE('2025-10-01', 'YYYY-MM-DD'));
INSERT INTO PIGMENTY (PIGMENT_ID, NAZWA, KOD_KOLORU, KOLOR_HEX, DATA_DODANIA) VALUES (29, 'Pigment 29', 'PIG029', '#8F16F2', TO_DATE('2025-10-01', 'YYYY-MM-DD'));
INSERT INTO PIGMENTY (PIGMENT_ID, NAZWA, KOD_KOLORU, KOLOR_HEX, DATA_DODANIA) VALUES (30, 'Pigment 30', 'PIG030', '#846BC8', TO_DATE('2025-10-01', 'YYYY-MM-DD'));
INSERT INTO PIGMENTY (PIGMENT_ID, NAZWA, KOD_KOLORU, KOLOR_HEX, DATA_DODANIA) VALUES (31, 'Pigment 31', 'PIG031', '#36B395', TO_DATE('2025-10-01', 'YYYY-MM-DD'));
INSERT INTO PIGMENTY (PIGMENT_ID, NAZWA, KOD_KOLORU, KOLOR_HEX, DATA_DODANIA) VALUES (32, 'Pigment 32', 'PIG032', '#021C19', TO_DATE('2025-10-01', 'YYYY-MM-DD'));
INSERT INTO PIGMENTY (PIGMENT_ID, NAZWA, KOD_KOLORU, KOLOR_HEX, DATA_DODANIA) VALUES (33, 'Pigment 33', 'PIG033', '#B297B8', TO_DATE('2025-10-01', 'YYYY-MM-DD'));
INSERT INTO PIGMENTY (PIGMENT_ID, NAZWA, KOD_KOLORU, KOLOR_HEX, DATA_DODANIA) VALUES (34, 'Pigment 34', 'PIG034', '#786691', TO_DATE('2025-10-01', 'YYYY-MM-DD'));
INSERT INTO PIGMENTY (PIGMENT_ID, NAZWA, KOD_KOLORU, KOLOR_HEX, DATA_DODANIA) VALUES (35, 'Pigment 35', 'PIG035', '#96BF2F', TO_DATE('2025-10-01', 'YYYY-MM-DD'));
INSERT INTO PIGMENTY (PIGMENT_ID, NAZWA, KOD_KOLORU, KOLOR_HEX, DATA_DODANIA) VALUES (36, 'Pigment 36', 'PIG036', '#4A2A9F', TO_DATE('2025-10-01', 'YYYY-MM-DD'));
INSERT INTO PIGMENTY (PIGMENT_ID, NAZWA, KOD_KOLORU, KOLOR_HEX, DATA_DODANIA) VALUES (37, 'Pigment 37', 'PIG037', '#B11457', TO_DATE('2025-10-01', 'YYYY-MM-DD'));
INSERT INTO PIGMENTY (PIGMENT_ID, NAZWA, KOD_KOLORU, KOLOR_HEX, DATA_DODANIA) VALUES (38, 'Pigment 38', 'PIG038', '#4E4FE8', TO_DATE('2025-10-01', 'YYYY-MM-DD'));
INSERT INTO PIGMENTY (PIGMENT_ID, NAZWA, KOD_KOLORU, KOLOR_HEX, DATA_DODANIA) VALUES (39, 'Pigment 39', 'PIG039', '#D5F711', TO_DATE('2025-10-01', 'YYYY-MM-DD'));
INSERT INTO PIGMENTY (PIGMENT_ID, NAZWA, KOD_KOLORU, KOLOR_HEX, DATA_DODANIA) VALUES (40, 'Pigment 40', 'PIG040', '#5C4EE4', TO_DATE('2025-10-01', 'YYYY-MM-DD'));

-- 5. WYPEŁNIANIE TABELI: RECEPTURY
INSERT INTO RECEPTURY (RECEPTURA_ID, NAZWA, KOD_KOLORU, OPIS, UTWORZONO, BAZA_ID, ILOSC_BAZY_LITRY) VALUES (1, 'Receptura Czerwona', 'R-100', 'Czerwony intensywny', TO_DATE('2025-12-04', 'YYYY-MM-DD'), 1, 2);
INSERT INTO RECEPTURY (RECEPTURA_ID, NAZWA, KOD_KOLORU, OPIS, UTWORZONO, BAZA_ID, ILOSC_BAZY_LITRY) VALUES (2, 'Arktyczna Biel', 'B-100', 'Standardowa farba akrylowa do sufitów', TO_DATE('2026-01-08', 'YYYY-MM-DD'), 1, 9);
INSERT INTO RECEPTURY (RECEPTURA_ID, NAZWA, KOD_KOLORU, OPIS, UTWORZONO, BAZA_ID, ILOSC_BAZY_LITRY) VALUES (3, 'Morski Błękit', 'N-100', 'Zmywalna farba lateksowa do łazienki', TO_DATE('2026-01-08', 'YYYY-MM-DD'), 2, 14);
INSERT INTO RECEPTURY (RECEPTURA_ID, NAZWA, KOD_KOLORU, OPIS, UTWORZONO, BAZA_ID, ILOSC_BAZY_LITRY) VALUES (4, 'Receptura zielona', 'Z-100', 'Emalia olejna do drewna i metalu', TO_DATE('2026-01-08', 'YYYY-MM-DD'), 3, 7.5);
INSERT INTO RECEPTURY (RECEPTURA_ID, NAZWA, KOD_KOLORU, OPIS, UTWORZONO, BAZA_ID, ILOSC_BAZY_LITRY) VALUES (5, 'Złota Jesień', 'REC-9786', 'Wysokiej jakości farba o odcieniu Złota Jesień', TO_DATE('2025-11-15', 'YYYY-MM-DD'), 2, 11.99);
INSERT INTO RECEPTURY (RECEPTURA_ID, NAZWA, KOD_KOLORU, OPIS, UTWORZONO, BAZA_ID, ILOSC_BAZY_LITRY) VALUES (6, 'Szafirowy Sen', 'REC-3256', 'Wysokiej jakości farba o odcieniu Szafirowy Sen', TO_DATE('2025-11-15', 'YYYY-MM-DD'), 3, 6.62);
INSERT INTO RECEPTURY (RECEPTURA_ID, NAZWA, KOD_KOLORU, OPIS, UTWORZONO, BAZA_ID, ILOSC_BAZY_LITRY) VALUES (7, 'Oliwkowy Gaj', 'REC-6125', 'Wysokiej jakości farba o odcieniu Oliwkowy Gaj', TO_DATE('2025-11-15', 'YYYY-MM-DD'), 1, 5.28);
INSERT INTO RECEPTURY (RECEPTURA_ID, NAZWA, KOD_KOLORU, OPIS, UTWORZONO, BAZA_ID, ILOSC_BAZY_LITRY) VALUES (8, 'Północny Blask', 'REC-4488', 'Wysokiej jakości farba o odcieniu Północny Blask', TO_DATE('2025-11-15', 'YYYY-MM-DD'), 2, 9.52);
INSERT INTO RECEPTURY (RECEPTURA_ID, NAZWA, KOD_KOLORU, OPIS, UTWORZONO, BAZA_ID, ILOSC_BAZY_LITRY) VALUES (9, 'Wiśniowy Sad', 'REC-8126', 'Wysokiej jakości farba o odcieniu Wiśniowy Sad', TO_DATE('2025-11-15', 'YYYY-MM-DD'), 1, 4.16);
INSERT INTO RECEPTURY (RECEPTURA_ID, NAZWA, KOD_KOLORU, OPIS, UTWORZONO, BAZA_ID, ILOSC_BAZY_LITRY) VALUES (10, 'Mglisty Poranek', 'REC-5065', 'Wysokiej jakości farba o odcieniu Mglisty Poranek', TO_DATE('2025-11-15', 'YYYY-MM-DD'), 3, 10.5);
INSERT INTO RECEPTURY (RECEPTURA_ID, NAZWA, KOD_KOLORU, OPIS, UTWORZONO, BAZA_ID, ILOSC_BAZY_LITRY) VALUES (11, 'Ceglana Czerwień', 'REC-2829', 'Wysokiej jakości farba o odcieniu Ceglana Czerwień', TO_DATE('2025-11-15', 'YYYY-MM-DD'), 3, 7.69);
INSERT INTO RECEPTURY (RECEPTURA_ID, NAZWA, KOD_KOLORU, OPIS, UTWORZONO, BAZA_ID, ILOSC_BAZY_LITRY) VALUES (12, 'Pastelowy Róż', 'REC-8593', 'Wysokiej jakości farba o odcieniu Pastelowy Róż', TO_DATE('2025-11-15', 'YYYY-MM-DD'), 1, 7.72);
INSERT INTO RECEPTURY (RECEPTURA_ID, NAZWA, KOD_KOLORU, OPIS, UTWORZONO, BAZA_ID, ILOSC_BAZY_LITRY) VALUES (13, 'Głęboki Turkus', 'REC-5892', 'Wysokiej jakości farba o odcieniu Głęboki Turkus', TO_DATE('2025-11-15', 'YYYY-MM-DD'), 2, 7.0);
INSERT INTO RECEPTURY (RECEPTURA_ID, NAZWA, KOD_KOLORU, OPIS, UTWORZONO, BAZA_ID, ILOSC_BAZY_LITRY) VALUES (14, 'Piaskowa Wydma', 'REC-6020', 'Wysokiej jakości farba o odcieniu Piaskowa Wydma', TO_DATE('2025-11-15', 'YYYY-MM-DD'), 1, 9.94);
INSERT INTO RECEPTURY (RECEPTURA_ID, NAZWA, KOD_KOLORU, OPIS, UTWORZONO, BAZA_ID, ILOSC_BAZY_LITRY) VALUES (15, 'Antracytowa Noc', 'REC-5959', 'Wysokiej jakości farba o odcieniu Antracytowa Noc', TO_DATE('2025-11-15', 'YYYY-MM-DD'), 2, 10.17);
INSERT INTO RECEPTURY (RECEPTURA_ID, NAZWA, KOD_KOLORU, OPIS, UTWORZONO, BAZA_ID, ILOSC_BAZY_LITRY) VALUES (16, 'Waniliowe Niebo', 'REC-3545', 'Wysokiej jakości farba o odcieniu Waniliowe Niebo', TO_DATE('2025-11-15', 'YYYY-MM-DD'), 3, 12.16);

-- 6. WYPEŁNIANIE TABELI: RECEPTURA_PIGMENTY
INSERT INTO RECEPTURA_PIGMENTY (RECEPTURA_PIGMENTY_ID, RECEPTURA_ID, PIGMENT_ID, ILOSC_GRAMY) VALUES (1, 1, 1, 25);
INSERT INTO RECEPTURA_PIGMENTY (RECEPTURA_PIGMENTY_ID, RECEPTURA_ID, PIGMENT_ID, ILOSC_GRAMY) VALUES (2, 1, 2, 10);
INSERT INTO RECEPTURA_PIGMENTY (RECEPTURA_PIGMENTY_ID, RECEPTURA_ID, PIGMENT_ID, ILOSC_GRAMY) VALUES (3, 2, 1, 5);
INSERT INTO RECEPTURA_PIGMENTY (RECEPTURA_PIGMENTY_ID, RECEPTURA_ID, PIGMENT_ID, ILOSC_GRAMY) VALUES (4, 3, 1, 15);
INSERT INTO RECEPTURA_PIGMENTY (RECEPTURA_PIGMENTY_ID, RECEPTURA_ID, PIGMENT_ID, ILOSC_GRAMY) VALUES (5, 3, 2, 45);
INSERT INTO RECEPTURA_PIGMENTY (RECEPTURA_PIGMENTY_ID, RECEPTURA_ID, PIGMENT_ID, ILOSC_GRAMY) VALUES (6, 4, 2, 60);
INSERT INTO RECEPTURA_PIGMENTY (RECEPTURA_PIGMENTY_ID, RECEPTURA_ID, PIGMENT_ID, ILOSC_GRAMY) VALUES (7, 5, 37, 36.67);
INSERT INTO RECEPTURA_PIGMENTY (RECEPTURA_PIGMENTY_ID, RECEPTURA_ID, PIGMENT_ID, ILOSC_GRAMY) VALUES (8, 5, 31, 39.42);
INSERT INTO RECEPTURA_PIGMENTY (RECEPTURA_PIGMENTY_ID, RECEPTURA_ID, PIGMENT_ID, ILOSC_GRAMY) VALUES (9, 6, 13, 95.09);
INSERT INTO RECEPTURA_PIGMENTY (RECEPTURA_PIGMENTY_ID, RECEPTURA_ID, PIGMENT_ID, ILOSC_GRAMY) VALUES (10, 6, 15, 77.42);
INSERT INTO RECEPTURA_PIGMENTY (RECEPTURA_PIGMENTY_ID, RECEPTURA_ID, PIGMENT_ID, ILOSC_GRAMY) VALUES (11, 7, 16, 84.43);
INSERT INTO RECEPTURA_PIGMENTY (RECEPTURA_PIGMENTY_ID, RECEPTURA_ID, PIGMENT_ID, ILOSC_GRAMY) VALUES (12, 7, 32, 135.72);
INSERT INTO RECEPTURA_PIGMENTY (RECEPTURA_PIGMENTY_ID, RECEPTURA_ID, PIGMENT_ID, ILOSC_GRAMY) VALUES (13, 7, 25, 10.35);
INSERT INTO RECEPTURA_PIGMENTY (RECEPTURA_PIGMENTY_ID, RECEPTURA_ID, PIGMENT_ID, ILOSC_GRAMY) VALUES (14, 7, 29, 111.05);
INSERT INTO RECEPTURA_PIGMENTY (RECEPTURA_PIGMENTY_ID, RECEPTURA_ID, PIGMENT_ID, ILOSC_GRAMY) VALUES (15, 8, 25, 83.72);
INSERT INTO RECEPTURA_PIGMENTY (RECEPTURA_PIGMENTY_ID, RECEPTURA_ID, PIGMENT_ID, ILOSC_GRAMY) VALUES (16, 8, 34, 18.93);
INSERT INTO RECEPTURA_PIGMENTY (RECEPTURA_PIGMENTY_ID, RECEPTURA_ID, PIGMENT_ID, ILOSC_GRAMY) VALUES (17, 8, 31, 59.77);
INSERT INTO RECEPTURA_PIGMENTY (RECEPTURA_PIGMENTY_ID, RECEPTURA_ID, PIGMENT_ID, ILOSC_GRAMY) VALUES (18, 9, 32, 8.58);
INSERT INTO RECEPTURA_PIGMENTY (RECEPTURA_PIGMENTY_ID, RECEPTURA_ID, PIGMENT_ID, ILOSC_GRAMY) VALUES (19, 9, 27, 53.34);
INSERT INTO RECEPTURA_PIGMENTY (RECEPTURA_PIGMENTY_ID, RECEPTURA_ID, PIGMENT_ID, ILOSC_GRAMY) VALUES (20, 9, 33, 134.07);
INSERT INTO RECEPTURA_PIGMENTY (RECEPTURA_PIGMENTY_ID, RECEPTURA_ID, PIGMENT_ID, ILOSC_GRAMY) VALUES (21, 9, 10, 70.11);
INSERT INTO RECEPTURA_PIGMENTY (RECEPTURA_PIGMENTY_ID, RECEPTURA_ID, PIGMENT_ID, ILOSC_GRAMY) VALUES (22, 10, 29, 141.74);
INSERT INTO RECEPTURA_PIGMENTY (RECEPTURA_PIGMENTY_ID, RECEPTURA_ID, PIGMENT_ID, ILOSC_GRAMY) VALUES (23, 10, 32, 38.34);
INSERT INTO RECEPTURA_PIGMENTY (RECEPTURA_PIGMENTY_ID, RECEPTURA_ID, PIGMENT_ID, ILOSC_GRAMY) VALUES (24, 11, 25, 10.06);
INSERT INTO RECEPTURA_PIGMENTY (RECEPTURA_PIGMENTY_ID, RECEPTURA_ID, PIGMENT_ID, ILOSC_GRAMY) VALUES (25, 11, 12, 92.58);
INSERT INTO RECEPTURA_PIGMENTY (RECEPTURA_PIGMENTY_ID, RECEPTURA_ID, PIGMENT_ID, ILOSC_GRAMY) VALUES (26, 11, 30, 105.26);
INSERT INTO RECEPTURA_PIGMENTY (RECEPTURA_PIGMENTY_ID, RECEPTURA_ID, PIGMENT_ID, ILOSC_GRAMY) VALUES (27, 11, 29, 50.44);
INSERT INTO RECEPTURA_PIGMENTY (RECEPTURA_PIGMENTY_ID, RECEPTURA_ID, PIGMENT_ID, ILOSC_GRAMY) VALUES (28, 12, 19, 31.91);
INSERT INTO RECEPTURA_PIGMENTY (RECEPTURA_PIGMENTY_ID, RECEPTURA_ID, PIGMENT_ID, ILOSC_GRAMY) VALUES (29, 12, 2, 75.18);
INSERT INTO RECEPTURA_PIGMENTY (RECEPTURA_PIGMENTY_ID, RECEPTURA_ID, PIGMENT_ID, ILOSC_GRAMY) VALUES (30, 12, 35, 129.33);
INSERT INTO RECEPTURA_PIGMENTY (RECEPTURA_PIGMENTY_ID, RECEPTURA_ID, PIGMENT_ID, ILOSC_GRAMY) VALUES (31, 12, 1, 111.32);
INSERT INTO RECEPTURA_PIGMENTY (RECEPTURA_PIGMENTY_ID, RECEPTURA_ID, PIGMENT_ID, ILOSC_GRAMY) VALUES (32, 13, 7, 101.59);
INSERT INTO RECEPTURA_PIGMENTY (RECEPTURA_PIGMENTY_ID, RECEPTURA_ID, PIGMENT_ID, ILOSC_GRAMY) VALUES (33, 13, 27, 120.48);
INSERT INTO RECEPTURA_PIGMENTY (RECEPTURA_PIGMENTY_ID, RECEPTURA_ID, PIGMENT_ID, ILOSC_GRAMY) VALUES (34, 14, 13, 109.76);
INSERT INTO RECEPTURA_PIGMENTY (RECEPTURA_PIGMENTY_ID, RECEPTURA_ID, PIGMENT_ID, ILOSC_GRAMY) VALUES (35, 14, 15, 57.64);
INSERT INTO RECEPTURA_PIGMENTY (RECEPTURA_PIGMENTY_ID, RECEPTURA_ID, PIGMENT_ID, ILOSC_GRAMY) VALUES (36, 15, 35, 83.92);
INSERT INTO RECEPTURA_PIGMENTY (RECEPTURA_PIGMENTY_ID, RECEPTURA_ID, PIGMENT_ID, ILOSC_GRAMY) VALUES (37, 15, 16, 7.49);
INSERT INTO RECEPTURA_PIGMENTY (RECEPTURA_PIGMENTY_ID, RECEPTURA_ID, PIGMENT_ID, ILOSC_GRAMY) VALUES (38, 16, 35, 29.63);
INSERT INTO RECEPTURA_PIGMENTY (RECEPTURA_PIGMENTY_ID, RECEPTURA_ID, PIGMENT_ID, ILOSC_GRAMY) VALUES (39, 16, 5, 110.56);
INSERT INTO RECEPTURA_PIGMENTY (RECEPTURA_PIGMENTY_ID, RECEPTURA_ID, PIGMENT_ID, ILOSC_GRAMY) VALUES (40, 16, 8, 131.58);
INSERT INTO RECEPTURA_PIGMENTY (RECEPTURA_PIGMENTY_ID, RECEPTURA_ID, PIGMENT_ID, ILOSC_GRAMY) VALUES (41, 16, 17, 73.4);

-- 7. WYPEŁNIANIE TABELI: ZAMOWIENIA
INSERT INTO ZAMOWIENIA (ZAMOWIENIE_ID, NUMER_ZAMOWIENIA, KLIENT_ID, RECEPTURA_ID, PRACOWNIK_ID, DATA_ZAMOWIENIA, ILOSC_LITRY, STATUS) VALUES (1001, 'ZAM-2025-1001', 2, 1, 5, TO_DATE('2025-12-04', 'YYYY-MM-DD'), 12.34, 'Oczekujące');
INSERT INTO ZAMOWIENIA (ZAMOWIENIE_ID, NUMER_ZAMOWIENIA, KLIENT_ID, RECEPTURA_ID, PRACOWNIK_ID, DATA_ZAMOWIENIA, ILOSC_LITRY, STATUS) VALUES (1002, 'ZAM-2025-1002', 3, 1, 8, TO_DATE('2025-12-04', 'YYYY-MM-DD'), 12.27, 'Oczekujące');
INSERT INTO ZAMOWIENIA (ZAMOWIENIE_ID, NUMER_ZAMOWIENIA, KLIENT_ID, RECEPTURA_ID, PRACOWNIK_ID, DATA_ZAMOWIENIA, ILOSC_LITRY, STATUS) VALUES (1003, 'ZAM-2025-1003', 4, 1, 8, TO_DATE('2025-12-04', 'YYYY-MM-DD'), 6.92, 'Oczekujące');
INSERT INTO ZAMOWIENIA (ZAMOWIENIE_ID, NUMER_ZAMOWIENIA, KLIENT_ID, RECEPTURA_ID, PRACOWNIK_ID, DATA_ZAMOWIENIA, ILOSC_LITRY, STATUS) VALUES (1004, 'ZAM-2025-1004', 5, 1, 4, TO_DATE('2025-12-04', 'YYYY-MM-DD'), 11.26, 'Oczekujące');
INSERT INTO ZAMOWIENIA (ZAMOWIENIE_ID, NUMER_ZAMOWIENIA, KLIENT_ID, RECEPTURA_ID, PRACOWNIK_ID, DATA_ZAMOWIENIA, ILOSC_LITRY, STATUS) VALUES (1005, 'ZAM-2025-1005', 6, 1, 4, TO_DATE('2025-12-04', 'YYYY-MM-DD'), 2.7, 'Oczekujące');
INSERT INTO ZAMOWIENIA (ZAMOWIENIE_ID, NUMER_ZAMOWIENIA, KLIENT_ID, RECEPTURA_ID, PRACOWNIK_ID, DATA_ZAMOWIENIA, ILOSC_LITRY, STATUS) VALUES (1006, 'ZAM-2025-1006', 7, 1, 6, TO_DATE('2025-12-04', 'YYYY-MM-DD'), 14.68, 'Oczekujące');
INSERT INTO ZAMOWIENIA (ZAMOWIENIE_ID, NUMER_ZAMOWIENIA, KLIENT_ID, RECEPTURA_ID, PRACOWNIK_ID, DATA_ZAMOWIENIA, ILOSC_LITRY, STATUS) VALUES (1007, 'ZAM-2025-1007', 8, 1, 6, TO_DATE('2025-12-04', 'YYYY-MM-DD'), 2.97, 'Oczekujące');
INSERT INTO ZAMOWIENIA (ZAMOWIENIE_ID, NUMER_ZAMOWIENIA, KLIENT_ID, RECEPTURA_ID, PRACOWNIK_ID, DATA_ZAMOWIENIA, ILOSC_LITRY, STATUS) VALUES (1008, 'ZAM-2025-1008', 9, 1, 9, TO_DATE('2025-12-04', 'YYYY-MM-DD'), 6.1, 'Oczekujące');
INSERT INTO ZAMOWIENIA (ZAMOWIENIE_ID, NUMER_ZAMOWIENIA, KLIENT_ID, RECEPTURA_ID, PRACOWNIK_ID, DATA_ZAMOWIENIA, ILOSC_LITRY, STATUS) VALUES (1009, 'ZAM-2025-1009', 10, 1, 9, TO_DATE('2025-12-04', 'YYYY-MM-DD'), 10.83, 'Oczekujące');
INSERT INTO ZAMOWIENIA (ZAMOWIENIE_ID, NUMER_ZAMOWIENIA, KLIENT_ID, RECEPTURA_ID, PRACOWNIK_ID, DATA_ZAMOWIENIA, ILOSC_LITRY, STATUS) VALUES (1010, 'ZAM-2025-1010', 1, 1, 5, TO_DATE('2025-12-04', 'YYYY-MM-DD'), 12.09, 'Oczekujące');
INSERT INTO ZAMOWIENIA (ZAMOWIENIE_ID, NUMER_ZAMOWIENIA, KLIENT_ID, RECEPTURA_ID, PRACOWNIK_ID, DATA_ZAMOWIENIA, ILOSC_LITRY, STATUS) VALUES (1011, 'ZAM-2025-1011', 2, 1, 5, TO_DATE('2025-12-04', 'YYYY-MM-DD'), 7.06, 'Oczekujące');
INSERT INTO ZAMOWIENIA (ZAMOWIENIE_ID, NUMER_ZAMOWIENIA, KLIENT_ID, RECEPTURA_ID, PRACOWNIK_ID, DATA_ZAMOWIENIA, ILOSC_LITRY, STATUS) VALUES (1012, 'ZAM-2025-1012', 3, 1, 8, TO_DATE('2025-12-04', 'YYYY-MM-DD'), 2.79, 'Oczekujące');
INSERT INTO ZAMOWIENIA (ZAMOWIENIE_ID, NUMER_ZAMOWIENIA, KLIENT_ID, RECEPTURA_ID, PRACOWNIK_ID, DATA_ZAMOWIENIA, ILOSC_LITRY, STATUS) VALUES (1013, 'ZAM-2025-1013', 4, 1, 8, TO_DATE('2025-12-04', 'YYYY-MM-DD'), 9.53, 'Oczekujące');
INSERT INTO ZAMOWIENIA (ZAMOWIENIE_ID, NUMER_ZAMOWIENIA, KLIENT_ID, RECEPTURA_ID, PRACOWNIK_ID, DATA_ZAMOWIENIA, ILOSC_LITRY, STATUS) VALUES (1014, 'ZAM-2025-1014', 5, 1, 4, TO_DATE('2025-12-04', 'YYYY-MM-DD'), 7.33, 'Oczekujące');
INSERT INTO ZAMOWIENIA (ZAMOWIENIE_ID, NUMER_ZAMOWIENIA, KLIENT_ID, RECEPTURA_ID, PRACOWNIK_ID, DATA_ZAMOWIENIA, ILOSC_LITRY, STATUS) VALUES (1015, 'ZAM-2025-1015', 6, 1, 4, TO_DATE('2025-12-04', 'YYYY-MM-DD'), 13.49, 'Oczekujące');
INSERT INTO ZAMOWIENIA (ZAMOWIENIE_ID, NUMER_ZAMOWIENIA, KLIENT_ID, RECEPTURA_ID, PRACOWNIK_ID, DATA_ZAMOWIENIA, ILOSC_LITRY, STATUS) VALUES (1016, 'ZAM-2025-1016', 7, 1, 6, TO_DATE('2025-12-04', 'YYYY-MM-DD'), 14.35, 'Oczekujące');
INSERT INTO ZAMOWIENIA (ZAMOWIENIE_ID, NUMER_ZAMOWIENIA, KLIENT_ID, RECEPTURA_ID, PRACOWNIK_ID, DATA_ZAMOWIENIA, ILOSC_LITRY, STATUS) VALUES (1017, 'ZAM-2025-1017', 8, 1, 6, TO_DATE('2025-12-04', 'YYYY-MM-DD'), 13.81, 'Oczekujące');
INSERT INTO ZAMOWIENIA (ZAMOWIENIE_ID, NUMER_ZAMOWIENIA, KLIENT_ID, RECEPTURA_ID, PRACOWNIK_ID, DATA_ZAMOWIENIA, ILOSC_LITRY, STATUS) VALUES (1018, 'ZAM-2025-1018', 9, 1, 9, TO_DATE('2025-12-04', 'YYYY-MM-DD'), 6.38, 'Oczekujące');
INSERT INTO ZAMOWIENIA (ZAMOWIENIE_ID, NUMER_ZAMOWIENIA, KLIENT_ID, RECEPTURA_ID, PRACOWNIK_ID, DATA_ZAMOWIENIA, ILOSC_LITRY, STATUS) VALUES (1019, 'ZAM-2025-1019', 10, 1, 9, TO_DATE('2025-12-04', 'YYYY-MM-DD'), 3.6, 'Oczekujące');
INSERT INTO ZAMOWIENIA (ZAMOWIENIE_ID, NUMER_ZAMOWIENIA, KLIENT_ID, RECEPTURA_ID, PRACOWNIK_ID, DATA_ZAMOWIENIA, ILOSC_LITRY, STATUS) VALUES (1020, 'ZAM-2025-1020', 1, 1, 5, TO_DATE('2025-12-04', 'YYYY-MM-DD'), 7.89, 'Oczekujące');
INSERT INTO ZAMOWIENIA (ZAMOWIENIE_ID, NUMER_ZAMOWIENIA, KLIENT_ID, RECEPTURA_ID, PRACOWNIK_ID, DATA_ZAMOWIENIA, ILOSC_LITRY, STATUS) VALUES (1021, 'ZAM-2025-1021', 3, 2, 8, TO_DATE('2025-12-25', 'YYYY-MM-DD'), 50, 'Zrealizowane');
INSERT INTO ZAMOWIENIA (ZAMOWIENIE_ID, NUMER_ZAMOWIENIA, KLIENT_ID, RECEPTURA_ID, PRACOWNIK_ID, DATA_ZAMOWIENIA, ILOSC_LITRY, STATUS) VALUES (1022, 'ZAM-2025-1023', 2, 4, 5, TO_DATE('2026-01-03', 'YYYY-MM-DD'), 5, 'Anulowane');
INSERT INTO ZAMOWIENIA (ZAMOWIENIE_ID, NUMER_ZAMOWIENIA, KLIENT_ID, RECEPTURA_ID, PRACOWNIK_ID, DATA_ZAMOWIENIA, ILOSC_LITRY, STATUS) VALUES (1023, 'ZAM-2025-1024', 8, 1, 6, TO_DATE('2026-01-08', 'YYYY-MM-DD'), 25, 'Oczekujące');
INSERT INTO ZAMOWIENIA (ZAMOWIENIE_ID, NUMER_ZAMOWIENIA, KLIENT_ID, RECEPTURA_ID, PRACOWNIK_ID, DATA_ZAMOWIENIA, ILOSC_LITRY, STATUS) VALUES (1024, 'ZAM-2025-1025', 10, 4, 9, TO_DATE('2025-12-08', 'YYYY-MM-DD'), 100, 'Zrealizowane');
INSERT INTO ZAMOWIENIA (ZAMOWIENIE_ID, NUMER_ZAMOWIENIA, KLIENT_ID, RECEPTURA_ID, PRACOWNIK_ID, DATA_ZAMOWIENIA, ILOSC_LITRY, STATUS) VALUES (1100, 'ZAM-2025-NEW', 1, 1, 5, TO_DATE('2024-12-08', 'YYYY-MM-DD'), 100, 'Zrealizowane');
INSERT INTO ZAMOWIENIA (ZAMOWIENIE_ID, NUMER_ZAMOWIENIA, KLIENT_ID, RECEPTURA_ID, PRACOWNIK_ID, DATA_ZAMOWIENIA, ILOSC_LITRY, STATUS) VALUES (2000, 'ZAM-2026-2000', 26, 1, 18, TO_DATE('2026-01-16', 'YYYY-MM-DD'), 111.62, 'Zrealizowane');
INSERT INTO ZAMOWIENIA (ZAMOWIENIE_ID, NUMER_ZAMOWIENIA, KLIENT_ID, RECEPTURA_ID, PRACOWNIK_ID, DATA_ZAMOWIENIA, ILOSC_LITRY, STATUS) VALUES (2001, 'ZAM-2026-2001', 59, 13, 4, TO_DATE('2025-12-18', 'YYYY-MM-DD'), 202.23, 'Oczekujące');
INSERT INTO ZAMOWIENIA (ZAMOWIENIE_ID, NUMER_ZAMOWIENIA, KLIENT_ID, RECEPTURA_ID, PRACOWNIK_ID, DATA_ZAMOWIENIA, ILOSC_LITRY, STATUS) VALUES (2002, 'ZAM-2026-2002', 37, 5, 8, TO_DATE('2026-01-01', 'YYYY-MM-DD'), 155.9, 'W trakcie');
INSERT INTO ZAMOWIENIA (ZAMOWIENIE_ID, NUMER_ZAMOWIENIA, KLIENT_ID, RECEPTURA_ID, PRACOWNIK_ID, DATA_ZAMOWIENIA, ILOSC_LITRY, STATUS) VALUES (2003, 'ZAM-2026-2003', 54, 13, 10, TO_DATE('2026-01-03', 'YYYY-MM-DD'), 37.8, 'Zrealizowane');
INSERT INTO ZAMOWIENIA (ZAMOWIENIE_ID, NUMER_ZAMOWIENIA, KLIENT_ID, RECEPTURA_ID, PRACOWNIK_ID, DATA_ZAMOWIENIA, ILOSC_LITRY, STATUS) VALUES (2004, 'ZAM-2026-2004', 55, 3, 15, TO_DATE('2025-12-19', 'YYYY-MM-DD'), 105.91, 'Oczekujące');
INSERT INTO ZAMOWIENIA (ZAMOWIENIE_ID, NUMER_ZAMOWIENIA, KLIENT_ID, RECEPTURA_ID, PRACOWNIK_ID, DATA_ZAMOWIENIA, ILOSC_LITRY, STATUS) VALUES (2005, 'ZAM-2026-2005', 16, 10, 14, TO_DATE('2026-01-30', 'YYYY-MM-DD'), 142.47, 'Zrealizowane');
INSERT INTO ZAMOWIENIA (ZAMOWIENIE_ID, NUMER_ZAMOWIENIA, KLIENT_ID, RECEPTURA_ID, PRACOWNIK_ID, DATA_ZAMOWIENIA, ILOSC_LITRY, STATUS) VALUES (2006, 'ZAM-2026-2006', 37, 12, 12, TO_DATE('2026-01-04', 'YYYY-MM-DD'), 99.04, 'Zrealizowane');
INSERT INTO ZAMOWIENIA (ZAMOWIENIE_ID, NUMER_ZAMOWIENIA, KLIENT_ID, RECEPTURA_ID, PRACOWNIK_ID, DATA_ZAMOWIENIA, ILOSC_LITRY, STATUS) VALUES (2007, 'ZAM-2026-2007', 25, 12, 3, TO_DATE('2026-02-05', 'YYYY-MM-DD'), 191.26, 'Zrealizowane');
INSERT INTO ZAMOWIENIA (ZAMOWIENIE_ID, NUMER_ZAMOWIENIA, KLIENT_ID, RECEPTURA_ID, PRACOWNIK_ID, DATA_ZAMOWIENIA, ILOSC_LITRY, STATUS) VALUES (2008, 'ZAM-2026-2008', 43, 7, 18, TO_DATE('2026-02-01', 'YYYY-MM-DD'), 8.42, 'Zrealizowane');
INSERT INTO ZAMOWIENIA (ZAMOWIENIE_ID, NUMER_ZAMOWIENIA, KLIENT_ID, RECEPTURA_ID, PRACOWNIK_ID, DATA_ZAMOWIENIA, ILOSC_LITRY, STATUS) VALUES (2009, 'ZAM-2026-2009', 31, 13, 1, TO_DATE('2025-12-16', 'YYYY-MM-DD'), 180.32, 'Zrealizowane');
INSERT INTO ZAMOWIENIA (ZAMOWIENIE_ID, NUMER_ZAMOWIENIA, KLIENT_ID, RECEPTURA_ID, PRACOWNIK_ID, DATA_ZAMOWIENIA, ILOSC_LITRY, STATUS) VALUES (2010, 'ZAM-2026-2010', 40, 8, 14, TO_DATE('2025-12-06', 'YYYY-MM-DD'), 157.72, 'W trakcie');
INSERT INTO ZAMOWIENIA (ZAMOWIENIE_ID, NUMER_ZAMOWIENIA, KLIENT_ID, RECEPTURA_ID, PRACOWNIK_ID, DATA_ZAMOWIENIA, ILOSC_LITRY, STATUS) VALUES (2011, 'ZAM-2026-2011', 12, 15, 1, TO_DATE('2026-01-20', 'YYYY-MM-DD'), 182.38, 'Zrealizowane');
INSERT INTO ZAMOWIENIA (ZAMOWIENIE_ID, NUMER_ZAMOWIENIA, KLIENT_ID, RECEPTURA_ID, PRACOWNIK_ID, DATA_ZAMOWIENIA, ILOSC_LITRY, STATUS) VALUES (2012, 'ZAM-2026-2012', 15, 7, 10, TO_DATE('2025-12-01', 'YYYY-MM-DD'), 80.02, 'Zrealizowane');
INSERT INTO ZAMOWIENIA (ZAMOWIENIE_ID, NUMER_ZAMOWIENIA, KLIENT_ID, RECEPTURA_ID, PRACOWNIK_ID, DATA_ZAMOWIENIA, ILOSC_LITRY, STATUS) VALUES (2013, 'ZAM-2026-2013', 1, 3, 14, TO_DATE('2025-12-18', 'YYYY-MM-DD'), 102.13, 'Zrealizowane');
INSERT INTO ZAMOWIENIA (ZAMOWIENIE_ID, NUMER_ZAMOWIENIA, KLIENT_ID, RECEPTURA_ID, PRACOWNIK_ID, DATA_ZAMOWIENIA, ILOSC_LITRY, STATUS) VALUES (2014, 'ZAM-2026-2014', 46, 5, 3, TO_DATE('2026-01-16', 'YYYY-MM-DD'), 184.46, 'Zrealizowane');
INSERT INTO ZAMOWIENIA (ZAMOWIENIE_ID, NUMER_ZAMOWIENIA, KLIENT_ID, RECEPTURA_ID, PRACOWNIK_ID, DATA_ZAMOWIENIA, ILOSC_LITRY, STATUS) VALUES (2015, 'ZAM-2026-2015', 57, 7, 7, TO_DATE('2026-02-06', 'YYYY-MM-DD'), 49.28, 'Zrealizowane');
INSERT INTO ZAMOWIENIA (ZAMOWIENIE_ID, NUMER_ZAMOWIENIA, KLIENT_ID, RECEPTURA_ID, PRACOWNIK_ID, DATA_ZAMOWIENIA, ILOSC_LITRY, STATUS) VALUES (2016, 'ZAM-2026-2016', 43, 10, 19, TO_DATE('2026-01-22', 'YYYY-MM-DD'), 181.36, 'Anulowane');
INSERT INTO ZAMOWIENIA (ZAMOWIENIE_ID, NUMER_ZAMOWIENIA, KLIENT_ID, RECEPTURA_ID, PRACOWNIK_ID, DATA_ZAMOWIENIA, ILOSC_LITRY, STATUS) VALUES (2017, 'ZAM-2026-2017', 22, 9, 6, TO_DATE('2026-02-03', 'YYYY-MM-DD'), 94.64, 'Anulowane');
INSERT INTO ZAMOWIENIA (ZAMOWIENIE_ID, NUMER_ZAMOWIENIA, KLIENT_ID, RECEPTURA_ID, PRACOWNIK_ID, DATA_ZAMOWIENIA, ILOSC_LITRY, STATUS) VALUES (2018, 'ZAM-2026-2018', 9, 1, 4, TO_DATE('2025-12-28', 'YYYY-MM-DD'), 184.34, 'Zrealizowane');
INSERT INTO ZAMOWIENIA (ZAMOWIENIE_ID, NUMER_ZAMOWIENIA, KLIENT_ID, RECEPTURA_ID, PRACOWNIK_ID, DATA_ZAMOWIENIA, ILOSC_LITRY, STATUS) VALUES (2019, 'ZAM-2026-2019', 12, 5, 19, TO_DATE('2025-12-06', 'YYYY-MM-DD'), 169.85, 'Zrealizowane');
INSERT INTO ZAMOWIENIA (ZAMOWIENIE_ID, NUMER_ZAMOWIENIA, KLIENT_ID, RECEPTURA_ID, PRACOWNIK_ID, DATA_ZAMOWIENIA, ILOSC_LITRY, STATUS) VALUES (2020, 'ZAM-2026-2020', 49, 11, 6, TO_DATE('2026-01-08', 'YYYY-MM-DD'), 222.27, 'Zrealizowane');
INSERT INTO ZAMOWIENIA (ZAMOWIENIE_ID, NUMER_ZAMOWIENIA, KLIENT_ID, RECEPTURA_ID, PRACOWNIK_ID, DATA_ZAMOWIENIA, ILOSC_LITRY, STATUS) VALUES (2021, 'ZAM-2026-2021', 41, 12, 2, TO_DATE('2025-12-05', 'YYYY-MM-DD'), 214.09, 'Zrealizowane');
INSERT INTO ZAMOWIENIA (ZAMOWIENIE_ID, NUMER_ZAMOWIENIA, KLIENT_ID, RECEPTURA_ID, PRACOWNIK_ID, DATA_ZAMOWIENIA, ILOSC_LITRY, STATUS) VALUES (2022, 'ZAM-2026-2022', 29, 12, 7, TO_DATE('2026-02-01', 'YYYY-MM-DD'), 160.6, 'Zrealizowane');
INSERT INTO ZAMOWIENIA (ZAMOWIENIE_ID, NUMER_ZAMOWIENIA, KLIENT_ID, RECEPTURA_ID, PRACOWNIK_ID, DATA_ZAMOWIENIA, ILOSC_LITRY, STATUS) VALUES (2023, 'ZAM-2026-2023', 60, 1, 2, TO_DATE('2026-01-28', 'YYYY-MM-DD'), 224.64, 'Zrealizowane');
INSERT INTO ZAMOWIENIA (ZAMOWIENIE_ID, NUMER_ZAMOWIENIA, KLIENT_ID, RECEPTURA_ID, PRACOWNIK_ID, DATA_ZAMOWIENIA, ILOSC_LITRY, STATUS) VALUES (2024, 'ZAM-2026-2024', 59, 3, 4, TO_DATE('2025-12-20', 'YYYY-MM-DD'), 164.79, 'Zrealizowane');
INSERT INTO ZAMOWIENIA (ZAMOWIENIE_ID, NUMER_ZAMOWIENIA, KLIENT_ID, RECEPTURA_ID, PRACOWNIK_ID, DATA_ZAMOWIENIA, ILOSC_LITRY, STATUS) VALUES (2025, 'ZAM-2026-2025', 26, 9, 16, TO_DATE('2026-02-04', 'YYYY-MM-DD'), 38.54, 'Oczekujące');
INSERT INTO ZAMOWIENIA (ZAMOWIENIE_ID, NUMER_ZAMOWIENIA, KLIENT_ID, RECEPTURA_ID, PRACOWNIK_ID, DATA_ZAMOWIENIA, ILOSC_LITRY, STATUS) VALUES (2026, 'ZAM-2026-2026', 49, 1, 8, TO_DATE('2026-01-10', 'YYYY-MM-DD'), 221.28, 'Zrealizowane');
INSERT INTO ZAMOWIENIA (ZAMOWIENIE_ID, NUMER_ZAMOWIENIA, KLIENT_ID, RECEPTURA_ID, PRACOWNIK_ID, DATA_ZAMOWIENIA, ILOSC_LITRY, STATUS) VALUES (2027, 'ZAM-2026-2027', 34, 11, 11, TO_DATE('2026-01-28', 'YYYY-MM-DD'), 77.75, 'Zrealizowane');
INSERT INTO ZAMOWIENIA (ZAMOWIENIE_ID, NUMER_ZAMOWIENIA, KLIENT_ID, RECEPTURA_ID, PRACOWNIK_ID, DATA_ZAMOWIENIA, ILOSC_LITRY, STATUS) VALUES (2028, 'ZAM-2026-2028', 22, 12, 8, TO_DATE('2025-12-25', 'YYYY-MM-DD'), 17.65, 'Zrealizowane');
INSERT INTO ZAMOWIENIA (ZAMOWIENIE_ID, NUMER_ZAMOWIENIA, KLIENT_ID, RECEPTURA_ID, PRACOWNIK_ID, DATA_ZAMOWIENIA, ILOSC_LITRY, STATUS) VALUES (2029, 'ZAM-2026-2029', 19, 4, 11, TO_DATE('2025-12-02', 'YYYY-MM-DD'), 135.52, 'Oczekujące');
INSERT INTO ZAMOWIENIA (ZAMOWIENIE_ID, NUMER_ZAMOWIENIA, KLIENT_ID, RECEPTURA_ID, PRACOWNIK_ID, DATA_ZAMOWIENIA, ILOSC_LITRY, STATUS) VALUES (2030, 'ZAM-2026-2030', 57, 6, 17, TO_DATE('2026-01-31', 'YYYY-MM-DD'), 56.29, 'Oczekujące');
INSERT INTO ZAMOWIENIA (ZAMOWIENIE_ID, NUMER_ZAMOWIENIA, KLIENT_ID, RECEPTURA_ID, PRACOWNIK_ID, DATA_ZAMOWIENIA, ILOSC_LITRY, STATUS) VALUES (2031, 'ZAM-2026-2031', 33, 10, 6, TO_DATE('2026-01-15', 'YYYY-MM-DD'), 53.8, 'Zrealizowane');
INSERT INTO ZAMOWIENIA (ZAMOWIENIE_ID, NUMER_ZAMOWIENIA, KLIENT_ID, RECEPTURA_ID, PRACOWNIK_ID, DATA_ZAMOWIENIA, ILOSC_LITRY, STATUS) VALUES (2032, 'ZAM-2026-2032', 36, 6, 9, TO_DATE('2026-01-07', 'YYYY-MM-DD'), 140.43, 'Oczekujące');
INSERT INTO ZAMOWIENIA (ZAMOWIENIE_ID, NUMER_ZAMOWIENIA, KLIENT_ID, RECEPTURA_ID, PRACOWNIK_ID, DATA_ZAMOWIENIA, ILOSC_LITRY, STATUS) VALUES (2033, 'ZAM-2026-2033', 14, 13, 3, TO_DATE('2026-01-25', 'YYYY-MM-DD'), 92.28, 'Zrealizowane');
INSERT INTO ZAMOWIENIA (ZAMOWIENIE_ID, NUMER_ZAMOWIENIA, KLIENT_ID, RECEPTURA_ID, PRACOWNIK_ID, DATA_ZAMOWIENIA, ILOSC_LITRY, STATUS) VALUES (2034, 'ZAM-2026-2034', 49, 11, 5, TO_DATE('2026-02-04', 'YYYY-MM-DD'), 122.55, 'Zrealizowane');
INSERT INTO ZAMOWIENIA (ZAMOWIENIE_ID, NUMER_ZAMOWIENIA, KLIENT_ID, RECEPTURA_ID, PRACOWNIK_ID, DATA_ZAMOWIENIA, ILOSC_LITRY, STATUS) VALUES (2035, 'ZAM-2026-2035', 60, 2, 7, TO_DATE('2025-12-02', 'YYYY-MM-DD'), 111.5, 'Oczekujące');
INSERT INTO ZAMOWIENIA (ZAMOWIENIE_ID, NUMER_ZAMOWIENIA, KLIENT_ID, RECEPTURA_ID, PRACOWNIK_ID, DATA_ZAMOWIENIA, ILOSC_LITRY, STATUS) VALUES (2036, 'ZAM-2026-2036', 28, 16, 20, TO_DATE('2025-12-13', 'YYYY-MM-DD'), 29.72, 'Zrealizowane');
INSERT INTO ZAMOWIENIA (ZAMOWIENIE_ID, NUMER_ZAMOWIENIA, KLIENT_ID, RECEPTURA_ID, PRACOWNIK_ID, DATA_ZAMOWIENIA, ILOSC_LITRY, STATUS) VALUES (2037, 'ZAM-2026-2037', 28, 8, 19, TO_DATE('2026-02-08', 'YYYY-MM-DD'), 96.02, 'Zrealizowane');
INSERT INTO ZAMOWIENIA (ZAMOWIENIE_ID, NUMER_ZAMOWIENIA, KLIENT_ID, RECEPTURA_ID, PRACOWNIK_ID, DATA_ZAMOWIENIA, ILOSC_LITRY, STATUS) VALUES (2038, 'ZAM-2026-2038', 55, 2, 14, TO_DATE('2026-02-12', 'YYYY-MM-DD'), 146.06, 'Oczekujące');
INSERT INTO ZAMOWIENIA (ZAMOWIENIE_ID, NUMER_ZAMOWIENIA, KLIENT_ID, RECEPTURA_ID, PRACOWNIK_ID, DATA_ZAMOWIENIA, ILOSC_LITRY, STATUS) VALUES (2039, 'ZAM-2026-2039', 18, 13, 14, TO_DATE('2025-12-13', 'YYYY-MM-DD'), 140.41, 'Zrealizowane');
INSERT INTO ZAMOWIENIA (ZAMOWIENIE_ID, NUMER_ZAMOWIENIA, KLIENT_ID, RECEPTURA_ID, PRACOWNIK_ID, DATA_ZAMOWIENIA, ILOSC_LITRY, STATUS) VALUES (2040, 'ZAM-2026-2040', 31, 6, 10, TO_DATE('2026-01-10', 'YYYY-MM-DD'), 216.28, 'Zrealizowane');
INSERT INTO ZAMOWIENIA (ZAMOWIENIE_ID, NUMER_ZAMOWIENIA, KLIENT_ID, RECEPTURA_ID, PRACOWNIK_ID, DATA_ZAMOWIENIA, ILOSC_LITRY, STATUS) VALUES (2041, 'ZAM-2026-2041', 48, 1, 13, TO_DATE('2026-01-28', 'YYYY-MM-DD'), 158.31, 'Anulowane');
INSERT INTO ZAMOWIENIA (ZAMOWIENIE_ID, NUMER_ZAMOWIENIA, KLIENT_ID, RECEPTURA_ID, PRACOWNIK_ID, DATA_ZAMOWIENIA, ILOSC_LITRY, STATUS) VALUES (2042, 'ZAM-2026-2042', 37, 4, 14, TO_DATE('2026-02-14', 'YYYY-MM-DD'), 114.37, 'Zrealizowane');
INSERT INTO ZAMOWIENIA (ZAMOWIENIE_ID, NUMER_ZAMOWIENIA, KLIENT_ID, RECEPTURA_ID, PRACOWNIK_ID, DATA_ZAMOWIENIA, ILOSC_LITRY, STATUS) VALUES (2043, 'ZAM-2026-2043', 53, 4, 8, TO_DATE('2025-12-10', 'YYYY-MM-DD'), 13.44, 'Anulowane');
INSERT INTO ZAMOWIENIA (ZAMOWIENIE_ID, NUMER_ZAMOWIENIA, KLIENT_ID, RECEPTURA_ID, PRACOWNIK_ID, DATA_ZAMOWIENIA, ILOSC_LITRY, STATUS) VALUES (2044, 'ZAM-2026-2044', 44, 2, 18, TO_DATE('2026-01-04', 'YYYY-MM-DD'), 152.3, 'Zrealizowane');
INSERT INTO ZAMOWIENIA (ZAMOWIENIE_ID, NUMER_ZAMOWIENIA, KLIENT_ID, RECEPTURA_ID, PRACOWNIK_ID, DATA_ZAMOWIENIA, ILOSC_LITRY, STATUS) VALUES (2045, 'ZAM-2026-2045', 21, 16, 16, TO_DATE('2025-12-28', 'YYYY-MM-DD'), 148.38, 'Oczekujące');
INSERT INTO ZAMOWIENIA (ZAMOWIENIE_ID, NUMER_ZAMOWIENIA, KLIENT_ID, RECEPTURA_ID, PRACOWNIK_ID, DATA_ZAMOWIENIA, ILOSC_LITRY, STATUS) VALUES (2046, 'ZAM-2026-2046', 22, 5, 8, TO_DATE('2026-02-03', 'YYYY-MM-DD'), 244.55, 'W trakcie');
INSERT INTO ZAMOWIENIA (ZAMOWIENIE_ID, NUMER_ZAMOWIENIA, KLIENT_ID, RECEPTURA_ID, PRACOWNIK_ID, DATA_ZAMOWIENIA, ILOSC_LITRY, STATUS) VALUES (2047, 'ZAM-2026-2047', 48, 2, 9, TO_DATE('2026-01-03', 'YYYY-MM-DD'), 18.31, 'Zrealizowane');
INSERT INTO ZAMOWIENIA (ZAMOWIENIE_ID, NUMER_ZAMOWIENIA, KLIENT_ID, RECEPTURA_ID, PRACOWNIK_ID, DATA_ZAMOWIENIA, ILOSC_LITRY, STATUS) VALUES (2048, 'ZAM-2026-2048', 30, 1, 20, TO_DATE('2026-01-01', 'YYYY-MM-DD'), 209.38, 'Zrealizowane');
INSERT INTO ZAMOWIENIA (ZAMOWIENIE_ID, NUMER_ZAMOWIENIA, KLIENT_ID, RECEPTURA_ID, PRACOWNIK_ID, DATA_ZAMOWIENIA, ILOSC_LITRY, STATUS) VALUES (2049, 'ZAM-2026-2049', 13, 6, 2, TO_DATE('2025-12-12', 'YYYY-MM-DD'), 77.35, 'Zrealizowane');
INSERT INTO ZAMOWIENIA (ZAMOWIENIE_ID, NUMER_ZAMOWIENIA, KLIENT_ID, RECEPTURA_ID, PRACOWNIK_ID, DATA_ZAMOWIENIA, ILOSC_LITRY, STATUS) VALUES (2050, 'ZAM-2026-2050', 42, 2, 7, TO_DATE('2026-01-11', 'YYYY-MM-DD'), 116.24, 'Zrealizowane');
INSERT INTO ZAMOWIENIA (ZAMOWIENIE_ID, NUMER_ZAMOWIENIA, KLIENT_ID, RECEPTURA_ID, PRACOWNIK_ID, DATA_ZAMOWIENIA, ILOSC_LITRY, STATUS) VALUES (2051, 'ZAM-2026-2051', 37, 15, 3, TO_DATE('2025-12-10', 'YYYY-MM-DD'), 76.5, 'Zrealizowane');
INSERT INTO ZAMOWIENIA (ZAMOWIENIE_ID, NUMER_ZAMOWIENIA, KLIENT_ID, RECEPTURA_ID, PRACOWNIK_ID, DATA_ZAMOWIENIA, ILOSC_LITRY, STATUS) VALUES (2052, 'ZAM-2026-2052', 26, 5, 4, TO_DATE('2025-12-31', 'YYYY-MM-DD'), 62.7, 'Zrealizowane');
INSERT INTO ZAMOWIENIA (ZAMOWIENIE_ID, NUMER_ZAMOWIENIA, KLIENT_ID, RECEPTURA_ID, PRACOWNIK_ID, DATA_ZAMOWIENIA, ILOSC_LITRY, STATUS) VALUES (2053, 'ZAM-2026-2053', 12, 3, 11, TO_DATE('2025-12-24', 'YYYY-MM-DD'), 154.05, 'W trakcie');
INSERT INTO ZAMOWIENIA (ZAMOWIENIE_ID, NUMER_ZAMOWIENIA, KLIENT_ID, RECEPTURA_ID, PRACOWNIK_ID, DATA_ZAMOWIENIA, ILOSC_LITRY, STATUS) VALUES (2054, 'ZAM-2026-2054', 49, 10, 15, TO_DATE('2026-01-19', 'YYYY-MM-DD'), 28.97, 'Oczekujące');
INSERT INTO ZAMOWIENIA (ZAMOWIENIE_ID, NUMER_ZAMOWIENIA, KLIENT_ID, RECEPTURA_ID, PRACOWNIK_ID, DATA_ZAMOWIENIA, ILOSC_LITRY, STATUS) VALUES (2055, 'ZAM-2026-2055', 43, 7, 4, TO_DATE('2025-12-09', 'YYYY-MM-DD'), 40.75, 'Zrealizowane');
INSERT INTO ZAMOWIENIA (ZAMOWIENIE_ID, NUMER_ZAMOWIENIA, KLIENT_ID, RECEPTURA_ID, PRACOWNIK_ID, DATA_ZAMOWIENIA, ILOSC_LITRY, STATUS) VALUES (2056, 'ZAM-2026-2056', 24, 12, 4, TO_DATE('2026-01-21', 'YYYY-MM-DD'), 18.34, 'Anulowane');
INSERT INTO ZAMOWIENIA (ZAMOWIENIE_ID, NUMER_ZAMOWIENIA, KLIENT_ID, RECEPTURA_ID, PRACOWNIK_ID, DATA_ZAMOWIENIA, ILOSC_LITRY, STATUS) VALUES (2057, 'ZAM-2026-2057', 27, 5, 17, TO_DATE('2025-12-16', 'YYYY-MM-DD'), 167.08, 'W trakcie');
INSERT INTO ZAMOWIENIA (ZAMOWIENIE_ID, NUMER_ZAMOWIENIA, KLIENT_ID, RECEPTURA_ID, PRACOWNIK_ID, DATA_ZAMOWIENIA, ILOSC_LITRY, STATUS) VALUES (2058, 'ZAM-2026-2058', 1, 8, 1, TO_DATE('2026-01-13', 'YYYY-MM-DD'), 43.96, 'Zrealizowane');
INSERT INTO ZAMOWIENIA (ZAMOWIENIE_ID, NUMER_ZAMOWIENIA, KLIENT_ID, RECEPTURA_ID, PRACOWNIK_ID, DATA_ZAMOWIENIA, ILOSC_LITRY, STATUS) VALUES (2059, 'ZAM-2026-2059', 34, 12, 17, TO_DATE('2025-12-11', 'YYYY-MM-DD'), 72.8, 'Zrealizowane');
INSERT INTO ZAMOWIENIA (ZAMOWIENIE_ID, NUMER_ZAMOWIENIA, KLIENT_ID, RECEPTURA_ID, PRACOWNIK_ID, DATA_ZAMOWIENIA, ILOSC_LITRY, STATUS) VALUES (2060, 'ZAM-2026-2060', 9, 1, 11, TO_DATE('2026-01-04', 'YYYY-MM-DD'), 18.8, 'Zrealizowane');
INSERT INTO ZAMOWIENIA (ZAMOWIENIE_ID, NUMER_ZAMOWIENIA, KLIENT_ID, RECEPTURA_ID, PRACOWNIK_ID, DATA_ZAMOWIENIA, ILOSC_LITRY, STATUS) VALUES (2061, 'ZAM-2026-2061', 44, 1, 2, TO_DATE('2026-01-24', 'YYYY-MM-DD'), 96.92, 'W trakcie');
INSERT INTO ZAMOWIENIA (ZAMOWIENIE_ID, NUMER_ZAMOWIENIA, KLIENT_ID, RECEPTURA_ID, PRACOWNIK_ID, DATA_ZAMOWIENIA, ILOSC_LITRY, STATUS) VALUES (2062, 'ZAM-2026-2062', 29, 2, 2, TO_DATE('2026-02-01', 'YYYY-MM-DD'), 56.24, 'Zrealizowane');
INSERT INTO ZAMOWIENIA (ZAMOWIENIE_ID, NUMER_ZAMOWIENIA, KLIENT_ID, RECEPTURA_ID, PRACOWNIK_ID, DATA_ZAMOWIENIA, ILOSC_LITRY, STATUS) VALUES (2063, 'ZAM-2026-2063', 40, 3, 12, TO_DATE('2026-02-09', 'YYYY-MM-DD'), 57.23, 'Oczekujące');
INSERT INTO ZAMOWIENIA (ZAMOWIENIE_ID, NUMER_ZAMOWIENIA, KLIENT_ID, RECEPTURA_ID, PRACOWNIK_ID, DATA_ZAMOWIENIA, ILOSC_LITRY, STATUS) VALUES (2064, 'ZAM-2026-2064', 56, 16, 16, TO_DATE('2026-02-03', 'YYYY-MM-DD'), 52.28, 'Zrealizowane');
INSERT INTO ZAMOWIENIA (ZAMOWIENIE_ID, NUMER_ZAMOWIENIA, KLIENT_ID, RECEPTURA_ID, PRACOWNIK_ID, DATA_ZAMOWIENIA, ILOSC_LITRY, STATUS) VALUES (2065, 'ZAM-2026-2065', 42, 9, 19, TO_DATE('2025-12-21', 'YYYY-MM-DD'), 36.95, 'Zrealizowane');
INSERT INTO ZAMOWIENIA (ZAMOWIENIE_ID, NUMER_ZAMOWIENIA, KLIENT_ID, RECEPTURA_ID, PRACOWNIK_ID, DATA_ZAMOWIENIA, ILOSC_LITRY, STATUS) VALUES (2066, 'ZAM-2026-2066', 48, 11, 16, TO_DATE('2026-01-07', 'YYYY-MM-DD'), 209.45, 'Zrealizowane');
INSERT INTO ZAMOWIENIA (ZAMOWIENIE_ID, NUMER_ZAMOWIENIA, KLIENT_ID, RECEPTURA_ID, PRACOWNIK_ID, DATA_ZAMOWIENIA, ILOSC_LITRY, STATUS) VALUES (2067, 'ZAM-2026-2067', 12, 7, 13, TO_DATE('2026-01-30', 'YYYY-MM-DD'), 217.19, 'Zrealizowane');
INSERT INTO ZAMOWIENIA (ZAMOWIENIE_ID, NUMER_ZAMOWIENIA, KLIENT_ID, RECEPTURA_ID, PRACOWNIK_ID, DATA_ZAMOWIENIA, ILOSC_LITRY, STATUS) VALUES (2068, 'ZAM-2026-2068', 22, 8, 11, TO_DATE('2025-12-19', 'YYYY-MM-DD'), 211.11, 'Oczekujące');
INSERT INTO ZAMOWIENIA (ZAMOWIENIE_ID, NUMER_ZAMOWIENIA, KLIENT_ID, RECEPTURA_ID, PRACOWNIK_ID, DATA_ZAMOWIENIA, ILOSC_LITRY, STATUS) VALUES (2069, 'ZAM-2026-2069', 47, 15, 8, TO_DATE('2026-01-27', 'YYYY-MM-DD'), 211.0, 'Zrealizowane');
INSERT INTO ZAMOWIENIA (ZAMOWIENIE_ID, NUMER_ZAMOWIENIA, KLIENT_ID, RECEPTURA_ID, PRACOWNIK_ID, DATA_ZAMOWIENIA, ILOSC_LITRY, STATUS) VALUES (2070, 'ZAM-2026-2070', 10, 7, 2, TO_DATE('2026-02-14', 'YYYY-MM-DD'), 123.5, 'Oczekujące');
INSERT INTO ZAMOWIENIA (ZAMOWIENIE_ID, NUMER_ZAMOWIENIA, KLIENT_ID, RECEPTURA_ID, PRACOWNIK_ID, DATA_ZAMOWIENIA, ILOSC_LITRY, STATUS) VALUES (2071, 'ZAM-2026-2071', 28, 9, 5, TO_DATE('2026-01-13', 'YYYY-MM-DD'), 133.43, 'Zrealizowane');
INSERT INTO ZAMOWIENIA (ZAMOWIENIE_ID, NUMER_ZAMOWIENIA, KLIENT_ID, RECEPTURA_ID, PRACOWNIK_ID, DATA_ZAMOWIENIA, ILOSC_LITRY, STATUS) VALUES (2072, 'ZAM-2026-2072', 41, 14, 8, TO_DATE('2025-12-15', 'YYYY-MM-DD'), 105.12, 'Zrealizowane');
INSERT INTO ZAMOWIENIA (ZAMOWIENIE_ID, NUMER_ZAMOWIENIA, KLIENT_ID, RECEPTURA_ID, PRACOWNIK_ID, DATA_ZAMOWIENIA, ILOSC_LITRY, STATUS) VALUES (2073, 'ZAM-2026-2073', 45, 6, 7, TO_DATE('2025-12-20', 'YYYY-MM-DD'), 119.11, 'Anulowane');
INSERT INTO ZAMOWIENIA (ZAMOWIENIE_ID, NUMER_ZAMOWIENIA, KLIENT_ID, RECEPTURA_ID, PRACOWNIK_ID, DATA_ZAMOWIENIA, ILOSC_LITRY, STATUS) VALUES (2074, 'ZAM-2026-2074', 5, 12, 12, TO_DATE('2025-12-24', 'YYYY-MM-DD'), 111.36, 'Zrealizowane');
INSERT INTO ZAMOWIENIA (ZAMOWIENIE_ID, NUMER_ZAMOWIENIA, KLIENT_ID, RECEPTURA_ID, PRACOWNIK_ID, DATA_ZAMOWIENIA, ILOSC_LITRY, STATUS) VALUES (2075, 'ZAM-2026-2075', 26, 12, 16, TO_DATE('2026-01-25', 'YYYY-MM-DD'), 16.78, 'Zrealizowane');
INSERT INTO ZAMOWIENIA (ZAMOWIENIE_ID, NUMER_ZAMOWIENIA, KLIENT_ID, RECEPTURA_ID, PRACOWNIK_ID, DATA_ZAMOWIENIA, ILOSC_LITRY, STATUS) VALUES (2076, 'ZAM-2026-2076', 29, 14, 18, TO_DATE('2026-01-27', 'YYYY-MM-DD'), 230.54, 'Zrealizowane');
INSERT INTO ZAMOWIENIA (ZAMOWIENIE_ID, NUMER_ZAMOWIENIA, KLIENT_ID, RECEPTURA_ID, PRACOWNIK_ID, DATA_ZAMOWIENIA, ILOSC_LITRY, STATUS) VALUES (2077, 'ZAM-2026-2077', 30, 2, 5, TO_DATE('2026-02-08', 'YYYY-MM-DD'), 43.39, 'Oczekujące');
INSERT INTO ZAMOWIENIA (ZAMOWIENIE_ID, NUMER_ZAMOWIENIA, KLIENT_ID, RECEPTURA_ID, PRACOWNIK_ID, DATA_ZAMOWIENIA, ILOSC_LITRY, STATUS) VALUES (2078, 'ZAM-2026-2078', 26, 4, 4, TO_DATE('2025-12-21', 'YYYY-MM-DD'), 182.08, 'Zrealizowane');
INSERT INTO ZAMOWIENIA (ZAMOWIENIE_ID, NUMER_ZAMOWIENIA, KLIENT_ID, RECEPTURA_ID, PRACOWNIK_ID, DATA_ZAMOWIENIA, ILOSC_LITRY, STATUS) VALUES (2079, 'ZAM-2026-2079', 53, 3, 10, TO_DATE('2026-01-17', 'YYYY-MM-DD'), 116.2, 'Oczekujące');
INSERT INTO ZAMOWIENIA (ZAMOWIENIE_ID, NUMER_ZAMOWIENIA, KLIENT_ID, RECEPTURA_ID, PRACOWNIK_ID, DATA_ZAMOWIENIA, ILOSC_LITRY, STATUS) VALUES (2080, 'ZAM-2026-2080', 3, 3, 1, TO_DATE('2025-12-26', 'YYYY-MM-DD'), 182.58, 'Zrealizowane');
INSERT INTO ZAMOWIENIA (ZAMOWIENIE_ID, NUMER_ZAMOWIENIA, KLIENT_ID, RECEPTURA_ID, PRACOWNIK_ID, DATA_ZAMOWIENIA, ILOSC_LITRY, STATUS) VALUES (2081, 'ZAM-2026-2081', 48, 10, 14, TO_DATE('2025-12-28', 'YYYY-MM-DD'), 98.95, 'Zrealizowane');
INSERT INTO ZAMOWIENIA (ZAMOWIENIE_ID, NUMER_ZAMOWIENIA, KLIENT_ID, RECEPTURA_ID, PRACOWNIK_ID, DATA_ZAMOWIENIA, ILOSC_LITRY, STATUS) VALUES (2082, 'ZAM-2026-2082', 34, 1, 14, TO_DATE('2025-12-05', 'YYYY-MM-DD'), 55.91, 'Zrealizowane');
INSERT INTO ZAMOWIENIA (ZAMOWIENIE_ID, NUMER_ZAMOWIENIA, KLIENT_ID, RECEPTURA_ID, PRACOWNIK_ID, DATA_ZAMOWIENIA, ILOSC_LITRY, STATUS) VALUES (2083, 'ZAM-2026-2083', 9, 8, 17, TO_DATE('2025-12-02', 'YYYY-MM-DD'), 126.11, 'Zrealizowane');
INSERT INTO ZAMOWIENIA (ZAMOWIENIE_ID, NUMER_ZAMOWIENIA, KLIENT_ID, RECEPTURA_ID, PRACOWNIK_ID, DATA_ZAMOWIENIA, ILOSC_LITRY, STATUS) VALUES (2084, 'ZAM-2026-2084', 13, 3, 4, TO_DATE('2025-12-25', 'YYYY-MM-DD'), 86.74, 'Zrealizowane');
INSERT INTO ZAMOWIENIA (ZAMOWIENIE_ID, NUMER_ZAMOWIENIA, KLIENT_ID, RECEPTURA_ID, PRACOWNIK_ID, DATA_ZAMOWIENIA, ILOSC_LITRY, STATUS) VALUES (2085, 'ZAM-2026-2085', 4, 9, 1, TO_DATE('2026-01-25', 'YYYY-MM-DD'), 185.34, 'Zrealizowane');
INSERT INTO ZAMOWIENIA (ZAMOWIENIE_ID, NUMER_ZAMOWIENIA, KLIENT_ID, RECEPTURA_ID, PRACOWNIK_ID, DATA_ZAMOWIENIA, ILOSC_LITRY, STATUS) VALUES (2086, 'ZAM-2026-2086', 8, 3, 11, TO_DATE('2026-01-03', 'YYYY-MM-DD'), 41.92, 'Zrealizowane');
INSERT INTO ZAMOWIENIA (ZAMOWIENIE_ID, NUMER_ZAMOWIENIA, KLIENT_ID, RECEPTURA_ID, PRACOWNIK_ID, DATA_ZAMOWIENIA, ILOSC_LITRY, STATUS) VALUES (2087, 'ZAM-2026-2087', 5, 14, 10, TO_DATE('2026-02-07', 'YYYY-MM-DD'), 42.82, 'Zrealizowane');
INSERT INTO ZAMOWIENIA (ZAMOWIENIE_ID, NUMER_ZAMOWIENIA, KLIENT_ID, RECEPTURA_ID, PRACOWNIK_ID, DATA_ZAMOWIENIA, ILOSC_LITRY, STATUS) VALUES (2088, 'ZAM-2026-2088', 45, 6, 11, TO_DATE('2026-01-27', 'YYYY-MM-DD'), 141.73, 'Zrealizowane');
INSERT INTO ZAMOWIENIA (ZAMOWIENIE_ID, NUMER_ZAMOWIENIA, KLIENT_ID, RECEPTURA_ID, PRACOWNIK_ID, DATA_ZAMOWIENIA, ILOSC_LITRY, STATUS) VALUES (2089, 'ZAM-2026-2089', 38, 10, 6, TO_DATE('2026-01-15', 'YYYY-MM-DD'), 204.29, 'Anulowane');
INSERT INTO ZAMOWIENIA (ZAMOWIENIE_ID, NUMER_ZAMOWIENIA, KLIENT_ID, RECEPTURA_ID, PRACOWNIK_ID, DATA_ZAMOWIENIA, ILOSC_LITRY, STATUS) VALUES (2090, 'ZAM-2026-2090', 50, 8, 15, TO_DATE('2026-01-30', 'YYYY-MM-DD'), 155.71, 'Zrealizowane');
INSERT INTO ZAMOWIENIA (ZAMOWIENIE_ID, NUMER_ZAMOWIENIA, KLIENT_ID, RECEPTURA_ID, PRACOWNIK_ID, DATA_ZAMOWIENIA, ILOSC_LITRY, STATUS) VALUES (2091, 'ZAM-2026-2091', 41, 6, 12, TO_DATE('2026-01-02', 'YYYY-MM-DD'), 211.97, 'Zrealizowane');
INSERT INTO ZAMOWIENIA (ZAMOWIENIE_ID, NUMER_ZAMOWIENIA, KLIENT_ID, RECEPTURA_ID, PRACOWNIK_ID, DATA_ZAMOWIENIA, ILOSC_LITRY, STATUS) VALUES (2092, 'ZAM-2026-2092', 17, 9, 5, TO_DATE('2026-01-17', 'YYYY-MM-DD'), 228.95, 'Zrealizowane');
INSERT INTO ZAMOWIENIA (ZAMOWIENIE_ID, NUMER_ZAMOWIENIA, KLIENT_ID, RECEPTURA_ID, PRACOWNIK_ID, DATA_ZAMOWIENIA, ILOSC_LITRY, STATUS) VALUES (2093, 'ZAM-2026-2093', 16, 7, 12, TO_DATE('2026-01-24', 'YYYY-MM-DD'), 113.57, 'Zrealizowane');
INSERT INTO ZAMOWIENIA (ZAMOWIENIE_ID, NUMER_ZAMOWIENIA, KLIENT_ID, RECEPTURA_ID, PRACOWNIK_ID, DATA_ZAMOWIENIA, ILOSC_LITRY, STATUS) VALUES (2094, 'ZAM-2026-2094', 42, 5, 18, TO_DATE('2025-12-15', 'YYYY-MM-DD'), 98.9, 'Zrealizowane');
INSERT INTO ZAMOWIENIA (ZAMOWIENIE_ID, NUMER_ZAMOWIENIA, KLIENT_ID, RECEPTURA_ID, PRACOWNIK_ID, DATA_ZAMOWIENIA, ILOSC_LITRY, STATUS) VALUES (2095, 'ZAM-2026-2095', 3, 10, 7, TO_DATE('2025-12-19', 'YYYY-MM-DD'), 198.23, 'Zrealizowane');
INSERT INTO ZAMOWIENIA (ZAMOWIENIE_ID, NUMER_ZAMOWIENIA, KLIENT_ID, RECEPTURA_ID, PRACOWNIK_ID, DATA_ZAMOWIENIA, ILOSC_LITRY, STATUS) VALUES (2096, 'ZAM-2026-2096', 33, 7, 15, TO_DATE('2026-01-16', 'YYYY-MM-DD'), 36.34, 'Oczekujące');
INSERT INTO ZAMOWIENIA (ZAMOWIENIE_ID, NUMER_ZAMOWIENIA, KLIENT_ID, RECEPTURA_ID, PRACOWNIK_ID, DATA_ZAMOWIENIA, ILOSC_LITRY, STATUS) VALUES (2097, 'ZAM-2026-2097', 32, 9, 9, TO_DATE('2026-02-10', 'YYYY-MM-DD'), 81.94, 'Zrealizowane');
INSERT INTO ZAMOWIENIA (ZAMOWIENIE_ID, NUMER_ZAMOWIENIA, KLIENT_ID, RECEPTURA_ID, PRACOWNIK_ID, DATA_ZAMOWIENIA, ILOSC_LITRY, STATUS) VALUES (2098, 'ZAM-2026-2098', 1, 5, 14, TO_DATE('2026-02-13', 'YYYY-MM-DD'), 98.94, 'Anulowane');
INSERT INTO ZAMOWIENIA (ZAMOWIENIE_ID, NUMER_ZAMOWIENIA, KLIENT_ID, RECEPTURA_ID, PRACOWNIK_ID, DATA_ZAMOWIENIA, ILOSC_LITRY, STATUS) VALUES (2099, 'ZAM-2026-2099', 42, 15, 16, TO_DATE('2025-12-16', 'YYYY-MM-DD'), 169.42, 'Zrealizowane');
INSERT INTO ZAMOWIENIA (ZAMOWIENIE_ID, NUMER_ZAMOWIENIA, KLIENT_ID, RECEPTURA_ID, PRACOWNIK_ID, DATA_ZAMOWIENIA, ILOSC_LITRY, STATUS) VALUES (2100, 'ZAM-2026-2100', 58, 9, 10, TO_DATE('2025-12-22', 'YYYY-MM-DD'), 160.75, 'Zrealizowane');
INSERT INTO ZAMOWIENIA (ZAMOWIENIE_ID, NUMER_ZAMOWIENIA, KLIENT_ID, RECEPTURA_ID, PRACOWNIK_ID, DATA_ZAMOWIENIA, ILOSC_LITRY, STATUS) VALUES (2101, 'ZAM-2026-2101', 12, 12, 14, TO_DATE('2026-01-19', 'YYYY-MM-DD'), 47.66, 'Zrealizowane');
INSERT INTO ZAMOWIENIA (ZAMOWIENIE_ID, NUMER_ZAMOWIENIA, KLIENT_ID, RECEPTURA_ID, PRACOWNIK_ID, DATA_ZAMOWIENIA, ILOSC_LITRY, STATUS) VALUES (2102, 'ZAM-2026-2102', 37, 15, 15, TO_DATE('2025-12-26', 'YYYY-MM-DD'), 54.32, 'W trakcie');
INSERT INTO ZAMOWIENIA (ZAMOWIENIE_ID, NUMER_ZAMOWIENIA, KLIENT_ID, RECEPTURA_ID, PRACOWNIK_ID, DATA_ZAMOWIENIA, ILOSC_LITRY, STATUS) VALUES (2103, 'ZAM-2026-2103', 14, 16, 17, TO_DATE('2026-01-02', 'YYYY-MM-DD'), 161.52, 'W trakcie');
INSERT INTO ZAMOWIENIA (ZAMOWIENIE_ID, NUMER_ZAMOWIENIA, KLIENT_ID, RECEPTURA_ID, PRACOWNIK_ID, DATA_ZAMOWIENIA, ILOSC_LITRY, STATUS) VALUES (2104, 'ZAM-2026-2104', 53, 15, 12, TO_DATE('2025-12-16', 'YYYY-MM-DD'), 222.01, 'Zrealizowane');
INSERT INTO ZAMOWIENIA (ZAMOWIENIE_ID, NUMER_ZAMOWIENIA, KLIENT_ID, RECEPTURA_ID, PRACOWNIK_ID, DATA_ZAMOWIENIA, ILOSC_LITRY, STATUS) VALUES (2105, 'ZAM-2026-2105', 23, 14, 19, TO_DATE('2026-02-03', 'YYYY-MM-DD'), 108.4, 'Zrealizowane');
INSERT INTO ZAMOWIENIA (ZAMOWIENIE_ID, NUMER_ZAMOWIENIA, KLIENT_ID, RECEPTURA_ID, PRACOWNIK_ID, DATA_ZAMOWIENIA, ILOSC_LITRY, STATUS) VALUES (2106, 'ZAM-2026-2106', 2, 12, 4, TO_DATE('2026-01-21', 'YYYY-MM-DD'), 138.17, 'Zrealizowane');
INSERT INTO ZAMOWIENIA (ZAMOWIENIE_ID, NUMER_ZAMOWIENIA, KLIENT_ID, RECEPTURA_ID, PRACOWNIK_ID, DATA_ZAMOWIENIA, ILOSC_LITRY, STATUS) VALUES (2107, 'ZAM-2026-2107', 2, 10, 4, TO_DATE('2025-12-15', 'YYYY-MM-DD'), 179.1, 'Zrealizowane');
INSERT INTO ZAMOWIENIA (ZAMOWIENIE_ID, NUMER_ZAMOWIENIA, KLIENT_ID, RECEPTURA_ID, PRACOWNIK_ID, DATA_ZAMOWIENIA, ILOSC_LITRY, STATUS) VALUES (2108, 'ZAM-2026-2108', 25, 3, 8, TO_DATE('2026-02-14', 'YYYY-MM-DD'), 14.69, 'Oczekujące');
INSERT INTO ZAMOWIENIA (ZAMOWIENIE_ID, NUMER_ZAMOWIENIA, KLIENT_ID, RECEPTURA_ID, PRACOWNIK_ID, DATA_ZAMOWIENIA, ILOSC_LITRY, STATUS) VALUES (2109, 'ZAM-2026-2109', 21, 15, 20, TO_DATE('2026-01-06', 'YYYY-MM-DD'), 53.99, 'W trakcie');
INSERT INTO ZAMOWIENIA (ZAMOWIENIE_ID, NUMER_ZAMOWIENIA, KLIENT_ID, RECEPTURA_ID, PRACOWNIK_ID, DATA_ZAMOWIENIA, ILOSC_LITRY, STATUS) VALUES (2110, 'ZAM-2026-2110', 18, 15, 7, TO_DATE('2025-12-02', 'YYYY-MM-DD'), 173.94, 'W trakcie');
INSERT INTO ZAMOWIENIA (ZAMOWIENIE_ID, NUMER_ZAMOWIENIA, KLIENT_ID, RECEPTURA_ID, PRACOWNIK_ID, DATA_ZAMOWIENIA, ILOSC_LITRY, STATUS) VALUES (2111, 'ZAM-2026-2111', 27, 8, 11, TO_DATE('2026-01-11', 'YYYY-MM-DD'), 50.58, 'Oczekujące');
INSERT INTO ZAMOWIENIA (ZAMOWIENIE_ID, NUMER_ZAMOWIENIA, KLIENT_ID, RECEPTURA_ID, PRACOWNIK_ID, DATA_ZAMOWIENIA, ILOSC_LITRY, STATUS) VALUES (2112, 'ZAM-2026-2112', 41, 12, 19, TO_DATE('2026-02-08', 'YYYY-MM-DD'), 99.45, 'Zrealizowane');
INSERT INTO ZAMOWIENIA (ZAMOWIENIE_ID, NUMER_ZAMOWIENIA, KLIENT_ID, RECEPTURA_ID, PRACOWNIK_ID, DATA_ZAMOWIENIA, ILOSC_LITRY, STATUS) VALUES (2113, 'ZAM-2026-2113', 7, 13, 9, TO_DATE('2025-12-08', 'YYYY-MM-DD'), 30.6, 'W trakcie');
INSERT INTO ZAMOWIENIA (ZAMOWIENIE_ID, NUMER_ZAMOWIENIA, KLIENT_ID, RECEPTURA_ID, PRACOWNIK_ID, DATA_ZAMOWIENIA, ILOSC_LITRY, STATUS) VALUES (2114, 'ZAM-2026-2114', 29, 14, 2, TO_DATE('2026-01-01', 'YYYY-MM-DD'), 75.26, 'Zrealizowane');
INSERT INTO ZAMOWIENIA (ZAMOWIENIE_ID, NUMER_ZAMOWIENIA, KLIENT_ID, RECEPTURA_ID, PRACOWNIK_ID, DATA_ZAMOWIENIA, ILOSC_LITRY, STATUS) VALUES (2115, 'ZAM-2026-2115', 60, 4, 4, TO_DATE('2025-12-16', 'YYYY-MM-DD'), 108.74, 'Zrealizowane');
INSERT INTO ZAMOWIENIA (ZAMOWIENIE_ID, NUMER_ZAMOWIENIA, KLIENT_ID, RECEPTURA_ID, PRACOWNIK_ID, DATA_ZAMOWIENIA, ILOSC_LITRY, STATUS) VALUES (2116, 'ZAM-2026-2116', 57, 14, 14, TO_DATE('2025-12-13', 'YYYY-MM-DD'), 66.41, 'W trakcie');
INSERT INTO ZAMOWIENIA (ZAMOWIENIE_ID, NUMER_ZAMOWIENIA, KLIENT_ID, RECEPTURA_ID, PRACOWNIK_ID, DATA_ZAMOWIENIA, ILOSC_LITRY, STATUS) VALUES (2117, 'ZAM-2026-2117', 53, 8, 5, TO_DATE('2026-01-09', 'YYYY-MM-DD'), 243.91, 'Zrealizowane');
INSERT INTO ZAMOWIENIA (ZAMOWIENIE_ID, NUMER_ZAMOWIENIA, KLIENT_ID, RECEPTURA_ID, PRACOWNIK_ID, DATA_ZAMOWIENIA, ILOSC_LITRY, STATUS) VALUES (2118, 'ZAM-2026-2118', 22, 5, 18, TO_DATE('2025-12-07', 'YYYY-MM-DD'), 62.93, 'Zrealizowane');
INSERT INTO ZAMOWIENIA (ZAMOWIENIE_ID, NUMER_ZAMOWIENIA, KLIENT_ID, RECEPTURA_ID, PRACOWNIK_ID, DATA_ZAMOWIENIA, ILOSC_LITRY, STATUS) VALUES (2119, 'ZAM-2026-2119', 45, 5, 12, TO_DATE('2025-12-14', 'YYYY-MM-DD'), 154.59, 'Oczekujące');
INSERT INTO ZAMOWIENIA (ZAMOWIENIE_ID, NUMER_ZAMOWIENIA, KLIENT_ID, RECEPTURA_ID, PRACOWNIK_ID, DATA_ZAMOWIENIA, ILOSC_LITRY, STATUS) VALUES (2120, 'ZAM-2026-2120', 31, 16, 2, TO_DATE('2026-02-06', 'YYYY-MM-DD'), 105.11, 'Zrealizowane');
INSERT INTO ZAMOWIENIA (ZAMOWIENIE_ID, NUMER_ZAMOWIENIA, KLIENT_ID, RECEPTURA_ID, PRACOWNIK_ID, DATA_ZAMOWIENIA, ILOSC_LITRY, STATUS) VALUES (2121, 'ZAM-2026-2121', 32, 12, 9, TO_DATE('2025-12-04', 'YYYY-MM-DD'), 218.23, 'Zrealizowane');
INSERT INTO ZAMOWIENIA (ZAMOWIENIE_ID, NUMER_ZAMOWIENIA, KLIENT_ID, RECEPTURA_ID, PRACOWNIK_ID, DATA_ZAMOWIENIA, ILOSC_LITRY, STATUS) VALUES (2122, 'ZAM-2026-2122', 24, 5, 16, TO_DATE('2025-12-11', 'YYYY-MM-DD'), 164.11, 'Zrealizowane');
INSERT INTO ZAMOWIENIA (ZAMOWIENIE_ID, NUMER_ZAMOWIENIA, KLIENT_ID, RECEPTURA_ID, PRACOWNIK_ID, DATA_ZAMOWIENIA, ILOSC_LITRY, STATUS) VALUES (2123, 'ZAM-2026-2123', 31, 14, 20, TO_DATE('2026-01-02', 'YYYY-MM-DD'), 237.49, 'Zrealizowane');
INSERT INTO ZAMOWIENIA (ZAMOWIENIE_ID, NUMER_ZAMOWIENIA, KLIENT_ID, RECEPTURA_ID, PRACOWNIK_ID, DATA_ZAMOWIENIA, ILOSC_LITRY, STATUS) VALUES (2124, 'ZAM-2026-2124', 46, 13, 11, TO_DATE('2026-01-07', 'YYYY-MM-DD'), 243.69, 'Zrealizowane');
INSERT INTO ZAMOWIENIA (ZAMOWIENIE_ID, NUMER_ZAMOWIENIA, KLIENT_ID, RECEPTURA_ID, PRACOWNIK_ID, DATA_ZAMOWIENIA, ILOSC_LITRY, STATUS) VALUES (2125, 'ZAM-2026-2125', 57, 6, 4, TO_DATE('2026-01-23', 'YYYY-MM-DD'), 30.1, 'Zrealizowane');
INSERT INTO ZAMOWIENIA (ZAMOWIENIE_ID, NUMER_ZAMOWIENIA, KLIENT_ID, RECEPTURA_ID, PRACOWNIK_ID, DATA_ZAMOWIENIA, ILOSC_LITRY, STATUS) VALUES (2126, 'ZAM-2026-2126', 46, 15, 18, TO_DATE('2025-12-07', 'YYYY-MM-DD'), 79.27, 'Zrealizowane');
INSERT INTO ZAMOWIENIA (ZAMOWIENIE_ID, NUMER_ZAMOWIENIA, KLIENT_ID, RECEPTURA_ID, PRACOWNIK_ID, DATA_ZAMOWIENIA, ILOSC_LITRY, STATUS) VALUES (2127, 'ZAM-2026-2127', 44, 2, 15, TO_DATE('2025-12-30', 'YYYY-MM-DD'), 22.3, 'Zrealizowane');
INSERT INTO ZAMOWIENIA (ZAMOWIENIE_ID, NUMER_ZAMOWIENIA, KLIENT_ID, RECEPTURA_ID, PRACOWNIK_ID, DATA_ZAMOWIENIA, ILOSC_LITRY, STATUS) VALUES (2128, 'ZAM-2026-2128', 33, 6, 19, TO_DATE('2026-01-01', 'YYYY-MM-DD'), 236.02, 'Zrealizowane');
INSERT INTO ZAMOWIENIA (ZAMOWIENIE_ID, NUMER_ZAMOWIENIA, KLIENT_ID, RECEPTURA_ID, PRACOWNIK_ID, DATA_ZAMOWIENIA, ILOSC_LITRY, STATUS) VALUES (2129, 'ZAM-2026-2129', 10, 14, 9, TO_DATE('2026-02-03', 'YYYY-MM-DD'), 200.97, 'Zrealizowane');
INSERT INTO ZAMOWIENIA (ZAMOWIENIE_ID, NUMER_ZAMOWIENIA, KLIENT_ID, RECEPTURA_ID, PRACOWNIK_ID, DATA_ZAMOWIENIA, ILOSC_LITRY, STATUS) VALUES (2130, 'ZAM-2026-2130', 46, 14, 8, TO_DATE('2026-02-01', 'YYYY-MM-DD'), 224.85, 'Zrealizowane');
INSERT INTO ZAMOWIENIA (ZAMOWIENIE_ID, NUMER_ZAMOWIENIA, KLIENT_ID, RECEPTURA_ID, PRACOWNIK_ID, DATA_ZAMOWIENIA, ILOSC_LITRY, STATUS) VALUES (2131, 'ZAM-2026-2131', 41, 16, 14, TO_DATE('2026-02-07', 'YYYY-MM-DD'), 237.35, 'Zrealizowane');
INSERT INTO ZAMOWIENIA (ZAMOWIENIE_ID, NUMER_ZAMOWIENIA, KLIENT_ID, RECEPTURA_ID, PRACOWNIK_ID, DATA_ZAMOWIENIA, ILOSC_LITRY, STATUS) VALUES (2132, 'ZAM-2026-2132', 52, 13, 10, TO_DATE('2026-01-13', 'YYYY-MM-DD'), 22.41, 'Zrealizowane');
INSERT INTO ZAMOWIENIA (ZAMOWIENIE_ID, NUMER_ZAMOWIENIA, KLIENT_ID, RECEPTURA_ID, PRACOWNIK_ID, DATA_ZAMOWIENIA, ILOSC_LITRY, STATUS) VALUES (2133, 'ZAM-2026-2133', 42, 7, 9, TO_DATE('2026-01-02', 'YYYY-MM-DD'), 160.11, 'Zrealizowane');
INSERT INTO ZAMOWIENIA (ZAMOWIENIE_ID, NUMER_ZAMOWIENIA, KLIENT_ID, RECEPTURA_ID, PRACOWNIK_ID, DATA_ZAMOWIENIA, ILOSC_LITRY, STATUS) VALUES (2134, 'ZAM-2026-2134', 58, 14, 11, TO_DATE('2025-12-14', 'YYYY-MM-DD'), 74.18, 'Zrealizowane');
INSERT INTO ZAMOWIENIA (ZAMOWIENIE_ID, NUMER_ZAMOWIENIA, KLIENT_ID, RECEPTURA_ID, PRACOWNIK_ID, DATA_ZAMOWIENIA, ILOSC_LITRY, STATUS) VALUES (2135, 'ZAM-2026-2135', 53, 5, 5, TO_DATE('2026-01-27', 'YYYY-MM-DD'), 45.06, 'Zrealizowane');
INSERT INTO ZAMOWIENIA (ZAMOWIENIE_ID, NUMER_ZAMOWIENIA, KLIENT_ID, RECEPTURA_ID, PRACOWNIK_ID, DATA_ZAMOWIENIA, ILOSC_LITRY, STATUS) VALUES (2136, 'ZAM-2026-2136', 46, 11, 1, TO_DATE('2026-01-30', 'YYYY-MM-DD'), 105.49, 'Zrealizowane');
INSERT INTO ZAMOWIENIA (ZAMOWIENIE_ID, NUMER_ZAMOWIENIA, KLIENT_ID, RECEPTURA_ID, PRACOWNIK_ID, DATA_ZAMOWIENIA, ILOSC_LITRY, STATUS) VALUES (2137, 'ZAM-2026-2137', 51, 14, 18, TO_DATE('2026-01-05', 'YYYY-MM-DD'), 233.13, 'Zrealizowane');
INSERT INTO ZAMOWIENIA (ZAMOWIENIE_ID, NUMER_ZAMOWIENIA, KLIENT_ID, RECEPTURA_ID, PRACOWNIK_ID, DATA_ZAMOWIENIA, ILOSC_LITRY, STATUS) VALUES (2138, 'ZAM-2026-2138', 47, 10, 4, TO_DATE('2026-02-02', 'YYYY-MM-DD'), 36.86, 'Zrealizowane');
INSERT INTO ZAMOWIENIA (ZAMOWIENIE_ID, NUMER_ZAMOWIENIA, KLIENT_ID, RECEPTURA_ID, PRACOWNIK_ID, DATA_ZAMOWIENIA, ILOSC_LITRY, STATUS) VALUES (2139, 'ZAM-2026-2139', 7, 8, 20, TO_DATE('2026-01-28', 'YYYY-MM-DD'), 213.36, 'Oczekujące');
INSERT INTO ZAMOWIENIA (ZAMOWIENIE_ID, NUMER_ZAMOWIENIA, KLIENT_ID, RECEPTURA_ID, PRACOWNIK_ID, DATA_ZAMOWIENIA, ILOSC_LITRY, STATUS) VALUES (2140, 'ZAM-2026-2140', 19, 8, 10, TO_DATE('2026-01-01', 'YYYY-MM-DD'), 241.01, 'Zrealizowane');
INSERT INTO ZAMOWIENIA (ZAMOWIENIE_ID, NUMER_ZAMOWIENIA, KLIENT_ID, RECEPTURA_ID, PRACOWNIK_ID, DATA_ZAMOWIENIA, ILOSC_LITRY, STATUS) VALUES (2141, 'ZAM-2026-2141', 48, 7, 16, TO_DATE('2026-01-18', 'YYYY-MM-DD'), 129.82, 'Zrealizowane');
INSERT INTO ZAMOWIENIA (ZAMOWIENIE_ID, NUMER_ZAMOWIENIA, KLIENT_ID, RECEPTURA_ID, PRACOWNIK_ID, DATA_ZAMOWIENIA, ILOSC_LITRY, STATUS) VALUES (2142, 'ZAM-2026-2142', 23, 7, 11, TO_DATE('2025-12-20', 'YYYY-MM-DD'), 52.03, 'Zrealizowane');
INSERT INTO ZAMOWIENIA (ZAMOWIENIE_ID, NUMER_ZAMOWIENIA, KLIENT_ID, RECEPTURA_ID, PRACOWNIK_ID, DATA_ZAMOWIENIA, ILOSC_LITRY, STATUS) VALUES (2143, 'ZAM-2026-2143', 17, 3, 2, TO_DATE('2026-01-20', 'YYYY-MM-DD'), 106.04, 'W trakcie');
INSERT INTO ZAMOWIENIA (ZAMOWIENIE_ID, NUMER_ZAMOWIENIA, KLIENT_ID, RECEPTURA_ID, PRACOWNIK_ID, DATA_ZAMOWIENIA, ILOSC_LITRY, STATUS) VALUES (2144, 'ZAM-2026-2144', 12, 6, 16, TO_DATE('2026-01-22', 'YYYY-MM-DD'), 80.69, 'Zrealizowane');
INSERT INTO ZAMOWIENIA (ZAMOWIENIE_ID, NUMER_ZAMOWIENIA, KLIENT_ID, RECEPTURA_ID, PRACOWNIK_ID, DATA_ZAMOWIENIA, ILOSC_LITRY, STATUS) VALUES (2145, 'ZAM-2026-2145', 6, 15, 18, TO_DATE('2026-02-04', 'YYYY-MM-DD'), 15.41, 'Zrealizowane');
INSERT INTO ZAMOWIENIA (ZAMOWIENIE_ID, NUMER_ZAMOWIENIA, KLIENT_ID, RECEPTURA_ID, PRACOWNIK_ID, DATA_ZAMOWIENIA, ILOSC_LITRY, STATUS) VALUES (2146, 'ZAM-2026-2146', 19, 1, 17, TO_DATE('2025-12-05', 'YYYY-MM-DD'), 202.94, 'Zrealizowane');
INSERT INTO ZAMOWIENIA (ZAMOWIENIE_ID, NUMER_ZAMOWIENIA, KLIENT_ID, RECEPTURA_ID, PRACOWNIK_ID, DATA_ZAMOWIENIA, ILOSC_LITRY, STATUS) VALUES (2147, 'ZAM-2026-2147', 33, 10, 1, TO_DATE('2025-12-29', 'YYYY-MM-DD'), 214.39, 'Zrealizowane');
INSERT INTO ZAMOWIENIA (ZAMOWIENIE_ID, NUMER_ZAMOWIENIA, KLIENT_ID, RECEPTURA_ID, PRACOWNIK_ID, DATA_ZAMOWIENIA, ILOSC_LITRY, STATUS) VALUES (2148, 'ZAM-2026-2148', 57, 9, 16, TO_DATE('2025-12-30', 'YYYY-MM-DD'), 27.54, 'Zrealizowane');
INSERT INTO ZAMOWIENIA (ZAMOWIENIE_ID, NUMER_ZAMOWIENIA, KLIENT_ID, RECEPTURA_ID, PRACOWNIK_ID, DATA_ZAMOWIENIA, ILOSC_LITRY, STATUS) VALUES (2149, 'ZAM-2026-2149', 46, 15, 5, TO_DATE('2025-12-26', 'YYYY-MM-DD'), 58.17, 'Zrealizowane');
INSERT INTO ZAMOWIENIA (ZAMOWIENIE_ID, NUMER_ZAMOWIENIA, KLIENT_ID, RECEPTURA_ID, PRACOWNIK_ID, DATA_ZAMOWIENIA, ILOSC_LITRY, STATUS) VALUES (2150, 'ZAM-2026-2150', 27, 2, 4, TO_DATE('2026-01-15', 'YYYY-MM-DD'), 164.29, 'Anulowane');
INSERT INTO ZAMOWIENIA (ZAMOWIENIE_ID, NUMER_ZAMOWIENIA, KLIENT_ID, RECEPTURA_ID, PRACOWNIK_ID, DATA_ZAMOWIENIA, ILOSC_LITRY, STATUS) VALUES (2151, 'ZAM-2026-2151', 9, 8, 15, TO_DATE('2026-02-10', 'YYYY-MM-DD'), 242.37, 'Zrealizowane');
INSERT INTO ZAMOWIENIA (ZAMOWIENIE_ID, NUMER_ZAMOWIENIA, KLIENT_ID, RECEPTURA_ID, PRACOWNIK_ID, DATA_ZAMOWIENIA, ILOSC_LITRY, STATUS) VALUES (2152, 'ZAM-2026-2152', 24, 3, 8, TO_DATE('2026-02-04', 'YYYY-MM-DD'), 156.25, 'Zrealizowane');
INSERT INTO ZAMOWIENIA (ZAMOWIENIE_ID, NUMER_ZAMOWIENIA, KLIENT_ID, RECEPTURA_ID, PRACOWNIK_ID, DATA_ZAMOWIENIA, ILOSC_LITRY, STATUS) VALUES (2153, 'ZAM-2026-2153', 25, 9, 8, TO_DATE('2025-12-02', 'YYYY-MM-DD'), 43.86, 'Oczekujące');
INSERT INTO ZAMOWIENIA (ZAMOWIENIE_ID, NUMER_ZAMOWIENIA, KLIENT_ID, RECEPTURA_ID, PRACOWNIK_ID, DATA_ZAMOWIENIA, ILOSC_LITRY, STATUS) VALUES (2154, 'ZAM-2026-2154', 7, 10, 9, TO_DATE('2025-12-19', 'YYYY-MM-DD'), 236.05, 'Zrealizowane');
INSERT INTO ZAMOWIENIA (ZAMOWIENIE_ID, NUMER_ZAMOWIENIA, KLIENT_ID, RECEPTURA_ID, PRACOWNIK_ID, DATA_ZAMOWIENIA, ILOSC_LITRY, STATUS) VALUES (2155, 'ZAM-2026-2155', 13, 1, 5, TO_DATE('2026-01-29', 'YYYY-MM-DD'), 23.85, 'Zrealizowane');
INSERT INTO ZAMOWIENIA (ZAMOWIENIE_ID, NUMER_ZAMOWIENIA, KLIENT_ID, RECEPTURA_ID, PRACOWNIK_ID, DATA_ZAMOWIENIA, ILOSC_LITRY, STATUS) VALUES (2156, 'ZAM-2026-2156', 22, 8, 3, TO_DATE('2026-01-08', 'YYYY-MM-DD'), 36.7, 'Anulowane');
INSERT INTO ZAMOWIENIA (ZAMOWIENIE_ID, NUMER_ZAMOWIENIA, KLIENT_ID, RECEPTURA_ID, PRACOWNIK_ID, DATA_ZAMOWIENIA, ILOSC_LITRY, STATUS) VALUES (2157, 'ZAM-2026-2157', 4, 12, 14, TO_DATE('2025-12-15', 'YYYY-MM-DD'), 70.19, 'Zrealizowane');
INSERT INTO ZAMOWIENIA (ZAMOWIENIE_ID, NUMER_ZAMOWIENIA, KLIENT_ID, RECEPTURA_ID, PRACOWNIK_ID, DATA_ZAMOWIENIA, ILOSC_LITRY, STATUS) VALUES (2158, 'ZAM-2026-2158', 49, 6, 2, TO_DATE('2026-01-19', 'YYYY-MM-DD'), 150.88, 'Zrealizowane');
INSERT INTO ZAMOWIENIA (ZAMOWIENIE_ID, NUMER_ZAMOWIENIA, KLIENT_ID, RECEPTURA_ID, PRACOWNIK_ID, DATA_ZAMOWIENIA, ILOSC_LITRY, STATUS) VALUES (2159, 'ZAM-2026-2159', 32, 12, 7, TO_DATE('2026-01-16', 'YYYY-MM-DD'), 118.53, 'Zrealizowane');
INSERT INTO ZAMOWIENIA (ZAMOWIENIE_ID, NUMER_ZAMOWIENIA, KLIENT_ID, RECEPTURA_ID, PRACOWNIK_ID, DATA_ZAMOWIENIA, ILOSC_LITRY, STATUS) VALUES (2160, 'ZAM-2026-2160', 19, 10, 8, TO_DATE('2025-12-31', 'YYYY-MM-DD'), 72.04, 'Zrealizowane');
INSERT INTO ZAMOWIENIA (ZAMOWIENIE_ID, NUMER_ZAMOWIENIA, KLIENT_ID, RECEPTURA_ID, PRACOWNIK_ID, DATA_ZAMOWIENIA, ILOSC_LITRY, STATUS) VALUES (2161, 'ZAM-2026-2161', 45, 6, 14, TO_DATE('2026-02-01', 'YYYY-MM-DD'), 16.87, 'Zrealizowane');
INSERT INTO ZAMOWIENIA (ZAMOWIENIE_ID, NUMER_ZAMOWIENIA, KLIENT_ID, RECEPTURA_ID, PRACOWNIK_ID, DATA_ZAMOWIENIA, ILOSC_LITRY, STATUS) VALUES (2162, 'ZAM-2026-2162', 31, 12, 12, TO_DATE('2026-01-17', 'YYYY-MM-DD'), 57.35, 'Zrealizowane');
INSERT INTO ZAMOWIENIA (ZAMOWIENIE_ID, NUMER_ZAMOWIENIA, KLIENT_ID, RECEPTURA_ID, PRACOWNIK_ID, DATA_ZAMOWIENIA, ILOSC_LITRY, STATUS) VALUES (2163, 'ZAM-2026-2163', 39, 1, 5, TO_DATE('2026-02-01', 'YYYY-MM-DD'), 18.51, 'Zrealizowane');
INSERT INTO ZAMOWIENIA (ZAMOWIENIE_ID, NUMER_ZAMOWIENIA, KLIENT_ID, RECEPTURA_ID, PRACOWNIK_ID, DATA_ZAMOWIENIA, ILOSC_LITRY, STATUS) VALUES (2164, 'ZAM-2026-2164', 51, 8, 15, TO_DATE('2026-01-10', 'YYYY-MM-DD'), 40.1, 'Zrealizowane');
INSERT INTO ZAMOWIENIA (ZAMOWIENIE_ID, NUMER_ZAMOWIENIA, KLIENT_ID, RECEPTURA_ID, PRACOWNIK_ID, DATA_ZAMOWIENIA, ILOSC_LITRY, STATUS) VALUES (2165, 'ZAM-2026-2165', 25, 16, 13, TO_DATE('2026-01-23', 'YYYY-MM-DD'), 123.38, 'Oczekujące');
INSERT INTO ZAMOWIENIA (ZAMOWIENIE_ID, NUMER_ZAMOWIENIA, KLIENT_ID, RECEPTURA_ID, PRACOWNIK_ID, DATA_ZAMOWIENIA, ILOSC_LITRY, STATUS) VALUES (2166, 'ZAM-2026-2166', 18, 15, 14, TO_DATE('2026-01-21', 'YYYY-MM-DD'), 117.71, 'Oczekujące');
INSERT INTO ZAMOWIENIA (ZAMOWIENIE_ID, NUMER_ZAMOWIENIA, KLIENT_ID, RECEPTURA_ID, PRACOWNIK_ID, DATA_ZAMOWIENIA, ILOSC_LITRY, STATUS) VALUES (2167, 'ZAM-2026-2167', 57, 7, 4, TO_DATE('2026-02-06', 'YYYY-MM-DD'), 130.67, 'Oczekujące');
INSERT INTO ZAMOWIENIA (ZAMOWIENIE_ID, NUMER_ZAMOWIENIA, KLIENT_ID, RECEPTURA_ID, PRACOWNIK_ID, DATA_ZAMOWIENIA, ILOSC_LITRY, STATUS) VALUES (2168, 'ZAM-2026-2168', 34, 11, 13, TO_DATE('2025-12-04', 'YYYY-MM-DD'), 173.07, 'Zrealizowane');
INSERT INTO ZAMOWIENIA (ZAMOWIENIE_ID, NUMER_ZAMOWIENIA, KLIENT_ID, RECEPTURA_ID, PRACOWNIK_ID, DATA_ZAMOWIENIA, ILOSC_LITRY, STATUS) VALUES (2169, 'ZAM-2026-2169', 16, 8, 18, TO_DATE('2025-12-11', 'YYYY-MM-DD'), 30.66, 'Zrealizowane');
INSERT INTO ZAMOWIENIA (ZAMOWIENIE_ID, NUMER_ZAMOWIENIA, KLIENT_ID, RECEPTURA_ID, PRACOWNIK_ID, DATA_ZAMOWIENIA, ILOSC_LITRY, STATUS) VALUES (2170, 'ZAM-2026-2170', 40, 14, 10, TO_DATE('2026-01-24', 'YYYY-MM-DD'), 33.01, 'Zrealizowane');
INSERT INTO ZAMOWIENIA (ZAMOWIENIE_ID, NUMER_ZAMOWIENIA, KLIENT_ID, RECEPTURA_ID, PRACOWNIK_ID, DATA_ZAMOWIENIA, ILOSC_LITRY, STATUS) VALUES (2171, 'ZAM-2026-2171', 36, 14, 17, TO_DATE('2026-02-11', 'YYYY-MM-DD'), 157.18, 'Zrealizowane');
INSERT INTO ZAMOWIENIA (ZAMOWIENIE_ID, NUMER_ZAMOWIENIA, KLIENT_ID, RECEPTURA_ID, PRACOWNIK_ID, DATA_ZAMOWIENIA, ILOSC_LITRY, STATUS) VALUES (2172, 'ZAM-2026-2172', 19, 16, 2, TO_DATE('2026-02-14', 'YYYY-MM-DD'), 186.7, 'Zrealizowane');
INSERT INTO ZAMOWIENIA (ZAMOWIENIE_ID, NUMER_ZAMOWIENIA, KLIENT_ID, RECEPTURA_ID, PRACOWNIK_ID, DATA_ZAMOWIENIA, ILOSC_LITRY, STATUS) VALUES (2173, 'ZAM-2026-2173', 18, 2, 2, TO_DATE('2025-12-17', 'YYYY-MM-DD'), 212.44, 'Zrealizowane');
INSERT INTO ZAMOWIENIA (ZAMOWIENIE_ID, NUMER_ZAMOWIENIA, KLIENT_ID, RECEPTURA_ID, PRACOWNIK_ID, DATA_ZAMOWIENIA, ILOSC_LITRY, STATUS) VALUES (2174, 'ZAM-2026-2174', 8, 4, 16, TO_DATE('2026-02-05', 'YYYY-MM-DD'), 49.37, 'Zrealizowane');
INSERT INTO ZAMOWIENIA (ZAMOWIENIE_ID, NUMER_ZAMOWIENIA, KLIENT_ID, RECEPTURA_ID, PRACOWNIK_ID, DATA_ZAMOWIENIA, ILOSC_LITRY, STATUS) VALUES (2175, 'ZAM-2026-2175', 17, 14, 1, TO_DATE('2026-01-28', 'YYYY-MM-DD'), 230.08, 'Oczekujące');
INSERT INTO ZAMOWIENIA (ZAMOWIENIE_ID, NUMER_ZAMOWIENIA, KLIENT_ID, RECEPTURA_ID, PRACOWNIK_ID, DATA_ZAMOWIENIA, ILOSC_LITRY, STATUS) VALUES (2176, 'ZAM-2026-2176', 22, 6, 4, TO_DATE('2026-01-01', 'YYYY-MM-DD'), 224.13, 'Zrealizowane');
INSERT INTO ZAMOWIENIA (ZAMOWIENIE_ID, NUMER_ZAMOWIENIA, KLIENT_ID, RECEPTURA_ID, PRACOWNIK_ID, DATA_ZAMOWIENIA, ILOSC_LITRY, STATUS) VALUES (2177, 'ZAM-2026-2177', 35, 8, 11, TO_DATE('2026-02-04', 'YYYY-MM-DD'), 98.04, 'Zrealizowane');
INSERT INTO ZAMOWIENIA (ZAMOWIENIE_ID, NUMER_ZAMOWIENIA, KLIENT_ID, RECEPTURA_ID, PRACOWNIK_ID, DATA_ZAMOWIENIA, ILOSC_LITRY, STATUS) VALUES (2178, 'ZAM-2026-2178', 29, 6, 20, TO_DATE('2026-01-14', 'YYYY-MM-DD'), 191.72, 'Zrealizowane');
INSERT INTO ZAMOWIENIA (ZAMOWIENIE_ID, NUMER_ZAMOWIENIA, KLIENT_ID, RECEPTURA_ID, PRACOWNIK_ID, DATA_ZAMOWIENIA, ILOSC_LITRY, STATUS) VALUES (2179, 'ZAM-2026-2179', 32, 15, 12, TO_DATE('2026-01-22', 'YYYY-MM-DD'), 213.82, 'Zrealizowane');
INSERT INTO ZAMOWIENIA (ZAMOWIENIE_ID, NUMER_ZAMOWIENIA, KLIENT_ID, RECEPTURA_ID, PRACOWNIK_ID, DATA_ZAMOWIENIA, ILOSC_LITRY, STATUS) VALUES (2180, 'ZAM-2026-2180', 1, 11, 20, TO_DATE('2026-01-17', 'YYYY-MM-DD'), 155.1, 'Oczekujące');
INSERT INTO ZAMOWIENIA (ZAMOWIENIE_ID, NUMER_ZAMOWIENIA, KLIENT_ID, RECEPTURA_ID, PRACOWNIK_ID, DATA_ZAMOWIENIA, ILOSC_LITRY, STATUS) VALUES (2181, 'ZAM-2026-2181', 53, 1, 20, TO_DATE('2026-01-18', 'YYYY-MM-DD'), 186.39, 'Zrealizowane');
INSERT INTO ZAMOWIENIA (ZAMOWIENIE_ID, NUMER_ZAMOWIENIA, KLIENT_ID, RECEPTURA_ID, PRACOWNIK_ID, DATA_ZAMOWIENIA, ILOSC_LITRY, STATUS) VALUES (2182, 'ZAM-2026-2182', 38, 15, 8, TO_DATE('2026-01-04', 'YYYY-MM-DD'), 206.46, 'Oczekujące');
INSERT INTO ZAMOWIENIA (ZAMOWIENIE_ID, NUMER_ZAMOWIENIA, KLIENT_ID, RECEPTURA_ID, PRACOWNIK_ID, DATA_ZAMOWIENIA, ILOSC_LITRY, STATUS) VALUES (2183, 'ZAM-2026-2183', 25, 5, 4, TO_DATE('2026-01-22', 'YYYY-MM-DD'), 223.94, 'Zrealizowane');
INSERT INTO ZAMOWIENIA (ZAMOWIENIE_ID, NUMER_ZAMOWIENIA, KLIENT_ID, RECEPTURA_ID, PRACOWNIK_ID, DATA_ZAMOWIENIA, ILOSC_LITRY, STATUS) VALUES (2184, 'ZAM-2026-2184', 29, 12, 9, TO_DATE('2026-01-04', 'YYYY-MM-DD'), 239.36, 'Zrealizowane');
INSERT INTO ZAMOWIENIA (ZAMOWIENIE_ID, NUMER_ZAMOWIENIA, KLIENT_ID, RECEPTURA_ID, PRACOWNIK_ID, DATA_ZAMOWIENIA, ILOSC_LITRY, STATUS) VALUES (2185, 'ZAM-2026-2185', 21, 1, 13, TO_DATE('2025-12-15', 'YYYY-MM-DD'), 156.15, 'Zrealizowane');
INSERT INTO ZAMOWIENIA (ZAMOWIENIE_ID, NUMER_ZAMOWIENIA, KLIENT_ID, RECEPTURA_ID, PRACOWNIK_ID, DATA_ZAMOWIENIA, ILOSC_LITRY, STATUS) VALUES (2186, 'ZAM-2026-2186', 13, 9, 12, TO_DATE('2025-12-30', 'YYYY-MM-DD'), 112.12, 'Zrealizowane');
INSERT INTO ZAMOWIENIA (ZAMOWIENIE_ID, NUMER_ZAMOWIENIA, KLIENT_ID, RECEPTURA_ID, PRACOWNIK_ID, DATA_ZAMOWIENIA, ILOSC_LITRY, STATUS) VALUES (2187, 'ZAM-2026-2187', 12, 6, 9, TO_DATE('2026-01-13', 'YYYY-MM-DD'), 53.95, 'Oczekujące');
INSERT INTO ZAMOWIENIA (ZAMOWIENIE_ID, NUMER_ZAMOWIENIA, KLIENT_ID, RECEPTURA_ID, PRACOWNIK_ID, DATA_ZAMOWIENIA, ILOSC_LITRY, STATUS) VALUES (2188, 'ZAM-2026-2188', 52, 15, 4, TO_DATE('2026-02-13', 'YYYY-MM-DD'), 200.83, 'Zrealizowane');
INSERT INTO ZAMOWIENIA (ZAMOWIENIE_ID, NUMER_ZAMOWIENIA, KLIENT_ID, RECEPTURA_ID, PRACOWNIK_ID, DATA_ZAMOWIENIA, ILOSC_LITRY, STATUS) VALUES (2189, 'ZAM-2026-2189', 58, 16, 9, TO_DATE('2025-12-19', 'YYYY-MM-DD'), 50.03, 'W trakcie');
INSERT INTO ZAMOWIENIA (ZAMOWIENIE_ID, NUMER_ZAMOWIENIA, KLIENT_ID, RECEPTURA_ID, PRACOWNIK_ID, DATA_ZAMOWIENIA, ILOSC_LITRY, STATUS) VALUES (2190, 'ZAM-2026-2190', 8, 16, 16, TO_DATE('2025-12-07', 'YYYY-MM-DD'), 239.47, 'Zrealizowane');
INSERT INTO ZAMOWIENIA (ZAMOWIENIE_ID, NUMER_ZAMOWIENIA, KLIENT_ID, RECEPTURA_ID, PRACOWNIK_ID, DATA_ZAMOWIENIA, ILOSC_LITRY, STATUS) VALUES (2191, 'ZAM-2026-2191', 35, 1, 15, TO_DATE('2025-12-08', 'YYYY-MM-DD'), 61.6, 'Zrealizowane');
INSERT INTO ZAMOWIENIA (ZAMOWIENIE_ID, NUMER_ZAMOWIENIA, KLIENT_ID, RECEPTURA_ID, PRACOWNIK_ID, DATA_ZAMOWIENIA, ILOSC_LITRY, STATUS) VALUES (2192, 'ZAM-2026-2192', 52, 1, 3, TO_DATE('2025-12-17', 'YYYY-MM-DD'), 96.66, 'Oczekujące');
INSERT INTO ZAMOWIENIA (ZAMOWIENIE_ID, NUMER_ZAMOWIENIA, KLIENT_ID, RECEPTURA_ID, PRACOWNIK_ID, DATA_ZAMOWIENIA, ILOSC_LITRY, STATUS) VALUES (2193, 'ZAM-2026-2193', 37, 1, 9, TO_DATE('2026-01-01', 'YYYY-MM-DD'), 217.96, 'Oczekujące');
INSERT INTO ZAMOWIENIA (ZAMOWIENIE_ID, NUMER_ZAMOWIENIA, KLIENT_ID, RECEPTURA_ID, PRACOWNIK_ID, DATA_ZAMOWIENIA, ILOSC_LITRY, STATUS) VALUES (2194, 'ZAM-2026-2194', 39, 9, 20, TO_DATE('2026-01-01', 'YYYY-MM-DD'), 67.83, 'Zrealizowane');
INSERT INTO ZAMOWIENIA (ZAMOWIENIE_ID, NUMER_ZAMOWIENIA, KLIENT_ID, RECEPTURA_ID, PRACOWNIK_ID, DATA_ZAMOWIENIA, ILOSC_LITRY, STATUS) VALUES (2195, 'ZAM-2026-2195', 38, 3, 19, TO_DATE('2026-02-12', 'YYYY-MM-DD'), 130.47, 'Zrealizowane');
INSERT INTO ZAMOWIENIA (ZAMOWIENIE_ID, NUMER_ZAMOWIENIA, KLIENT_ID, RECEPTURA_ID, PRACOWNIK_ID, DATA_ZAMOWIENIA, ILOSC_LITRY, STATUS) VALUES (2196, 'ZAM-2026-2196', 1, 8, 3, TO_DATE('2025-12-02', 'YYYY-MM-DD'), 46.76, 'Zrealizowane');
INSERT INTO ZAMOWIENIA (ZAMOWIENIE_ID, NUMER_ZAMOWIENIA, KLIENT_ID, RECEPTURA_ID, PRACOWNIK_ID, DATA_ZAMOWIENIA, ILOSC_LITRY, STATUS) VALUES (2197, 'ZAM-2026-2197', 50, 10, 1, TO_DATE('2026-01-06', 'YYYY-MM-DD'), 209.19, 'Zrealizowane');
INSERT INTO ZAMOWIENIA (ZAMOWIENIE_ID, NUMER_ZAMOWIENIA, KLIENT_ID, RECEPTURA_ID, PRACOWNIK_ID, DATA_ZAMOWIENIA, ILOSC_LITRY, STATUS) VALUES (2198, 'ZAM-2026-2198', 5, 1, 16, TO_DATE('2025-12-01', 'YYYY-MM-DD'), 64.42, 'Zrealizowane');
INSERT INTO ZAMOWIENIA (ZAMOWIENIE_ID, NUMER_ZAMOWIENIA, KLIENT_ID, RECEPTURA_ID, PRACOWNIK_ID, DATA_ZAMOWIENIA, ILOSC_LITRY, STATUS) VALUES (2199, 'ZAM-2026-2199', 27, 13, 19, TO_DATE('2026-01-20', 'YYYY-MM-DD'), 27.54, 'Zrealizowane');
INSERT INTO ZAMOWIENIA (ZAMOWIENIE_ID, NUMER_ZAMOWIENIA, KLIENT_ID, RECEPTURA_ID, PRACOWNIK_ID, DATA_ZAMOWIENIA, ILOSC_LITRY, STATUS) VALUES (2200, 'ZAM-2026-2200', 60, 13, 17, TO_DATE('2026-01-16', 'YYYY-MM-DD'), 111.72, 'Zrealizowane');

COMMIT;
